<?xml version="1.0" encoding="utf-8" ?><dwsync><file name="icons-18-white.png" server="mynote.net.au/public_html/telehealth/" local="129803252580000000" remote="129856943400000000" /><file name="icons-18-black.png" server="mynote.net.au/public_html/telehealth/" local="129803252580000000" remote="129856943400000000" /><file name="ajax-loader.gif" server="mynote.net.au/public_html/telehealth/" local="129803252580000000" remote="129856943400000000" /><file name="ajax-loader.png" server="mynote.net.au/public_html/telehealth/" local="129803252580000000" remote="129856944000000000" /><file name="icons-36-black.png" server="mynote.net.au/public_html/telehealth/" local="129803252580000000" remote="129856944000000000" /><file name="icons-36-white.png" server="mynote.net.au/public_html/telehealth/" local="129803252580000000" remote="129856944000000000" /><file name="favicons.png" server="mynote.net.au/public_html/telehealth/" local="129864935525026589" remote="129864937200000000" /><file name="favicon.ico" server="mynote.net.au/public_html/telehealth/" local="129864472440000000" remote="129864941400000000" /><file name="check.png" server="mynote.net.au/public_html/telehealth/" local="129017945920000000" remote="129865696200000000" /><file name="new.png" server="mynote.net.au/public_html/telehealth/" local="129017915940000000" remote="129865696800000000" /><file name="image002.jpg" server="mynote.net.au/public_html/telehealth/" local="129868959762003630" remote="129868971000000000" /><file name="CheckMark.jpg" server="mynote.net.au/public_html/telehealth/" local="129869033069546582" remote="129869035800000000" /><file name="FirstMedicalCertRebrandedWord.png" server="mynote.net.au/public_html/telehealth/" local="129871015022207295" remote="129871015200000000" /><file name="footer.png" server="mynote.net.au/public_html/telehealth/" local="129875290873671872" remote="129875291400000000" /><file name="sort_asc.png" server="mynote.net.au/public_html/telehealth/" local="129847980760000000" remote="129876120000000000" /><file name="sort_desc.png" server="mynote.net.au/public_html/telehealth/" local="129847980760000000" remote="129876120000000000" /><file name="sort_both.png" server="mynote.net.au/public_html/telehealth/" local="129847980760000000" remote="129876120000000000" /><file name="sort_asc_disabled.png" server="mynote.net.au/public_html/telehealth/" local="129847980760000000" remote="129876120000000000" /><file name="sort_desc_disabled.png" server="mynote.net.au/public_html/telehealth/" local="129847980760000000" remote="129876120000000000" /><file name="back_disabled.png" server="mynote.net.au/public_html/telehealth/" local="129847980760000000" remote="129876121800000000" /><file name="back_enabled.png" server="mynote.net.au/public_html/telehealth/" local="129847980760000000" remote="129876121800000000" /><file name="back_enabled_hover.png" server="mynote.net.au/public_html/telehealth/" local="129847980760000000" remote="129876121800000000" /><file name="forward_disabled.png" server="mynote.net.au/public_html/telehealth/" local="129847980760000000" remote="129876121800000000" /><file name="forward_enabled.png" server="mynote.net.au/public_html/telehealth/" local="129847980760000000" remote="129876121800000000" /><file name="forward_enabled_hover.png" server="mynote.net.au/public_html/telehealth/" local="129847980760000000" remote="129876121800000000" /><file name="header.png" server="mynote.net.au/public_html/telehealth/" local="129883654702693039" remote="129883654800000000" /><file name="Two_Hands_Final.png" server="mynote.net.au/public_html/telehealth/" local="129893331996229039" remote="129893332200000000" /><file name="Two_Hands_Progress.png" server="mynote.net.au/public_html/telehealth/" local="129893331224804916" remote="129893332200000000" /><file name="index.html" server="mynote.net.au/public_html/telehealth/" local="129893337033247140" remote="129893337000000000" /><file name="checkmarkalone.png" server="ftp.mynote.net.au//home/meoadm/public_html/telehealth/" local="3442200099" remote="16327102363" /><file name="empty.png" server="ftp.mynote.net.au//home/meoadm/public_html/telehealth_test/" local="3444133169" remote="16329035727" /><file name="checked.png" server="ftp.mynote.net.au//home/meoadm/public_html/telehealth_test/" local="3444135716" remote="16329037774" /><file name="uncheck.png" server="ftp.mynote.net.au//home/meoadm/public_html/telehealth_test/" local="3444135808" remote="16329037775" /><file name="checked.png" server="ftp.mynote.net.au//home/meoadm/public_html/telehealth/" local="3444135716" remote="16330208509" /><file name="uncheck.png" server="ftp.mynote.net.au//home/meoadm/public_html/telehealth/" local="3444135808" remote="16330208530" /></dwsync>