<?xml version="1.0" encoding="utf-8" ?><dwsync><file name="database.php" server="ftp.mynote.net.au//home/meoadm/public_html/telehealth/" local="3438314421" remote="16323216334" /><file name="migration.php" server="ftp.mynote.net.au//home/meoadm/public_html/telehealth/" local="3423789822" remote="20603659006" /><file name="mimes.php" server="ftp.mynote.net.au//home/meoadm/public_html/telehealth/" local="3423789822" remote="20603659006" /><file name="routes.php" server="ftp.mynote.net.au//home/meoadm/public_html/telehealth/" local="3423789822" remote="20603659006" /><file name="smileys.php" server="ftp.mynote.net.au//home/meoadm/public_html/telehealth/" local="3423789822" remote="20603659006" /><file name="doctypes.php" server="ftp.mynote.net.au//home/meoadm/public_html/telehealth/" local="3423789822" remote="20603659006" /><file name="profiler.php" server="ftp.mynote.net.au//home/meoadm/public_html/telehealth/" local="3423789822" remote="20603659006" /><file name="foreign_chars.php" server="ftp.mynote.net.au//home/meoadm/public_html/telehealth/" local="3423789822" remote="20603659006" /><file name="constants.php" server="ftp.mynote.net.au//home/meoadm/public_html/telehealth/" local="3423789822" remote="20603659006" /><file name="config.php" server="ftp.mynote.net.au//home/meoadm/public_html/telehealth/" local="3423789822" remote="20603659006" /><file name="index.html" server="ftp.mynote.net.au//home/meoadm/public_html/telehealth/" local="3423789822" remote="20603659006" /><file name="hooks.php" server="ftp.mynote.net.au//home/meoadm/public_html/telehealth/" local="3423789822" remote="20603659006" /><file name="autoload.php" server="ftp.mynote.net.au//home/meoadm/public_html/telehealth/" local="3423789822" remote="20603659006" /><file name="user_agents.php" server="ftp.mynote.net.au//home/meoadm/public_html/telehealth/" local="3423789822" remote="20603659006" /><file name="routes.php" server="mynote.net.au/public_html/telehealth/" local="129871765947566275" remote="129871765800000000" /><file name="config.php" server="mynote.net.au/public_html/telehealth/" local="129913372890239758" remote="129913372800000000" /><file name="autoload.php" server="mynote.net.au/public_html/telehealth/" local="129913375706483586" remote="129913375800000000" /><file name="constants.php" server="mynote.net.au/public_html/telehealth/" local="129913377257878314" remote="129913377000000000" /><file name="config.php" server="ftp.mynote.net.au//home/meoadm/public_html/telehealth_test/" local="3443760294" remote="16328675708" /><file name="database.php" server="ftp.mynote.net.au//home/meoadm/public_html/telehealth_test/" local="3443760271" remote="16328675711" /></dwsync>