<?xml version="1.0" encoding="utf-8" ?>
<dwsync>
<file name="README.TXT" server="mynote.net.au/public_html/telehealth/" local="129868470000000000" remote="129868470000000000" />
<file name="aealarabiya.ctg.z" server="mynote.net.au/public_html/telehealth/" local="129777696000000000" remote="129777696000000000" />
<file name="aealarabiya.php" server="mynote.net.au/public_html/telehealth/" local="129777696000000000" remote="129777696000000000" />
<file name="aealarabiya.z" server="mynote.net.au/public_html/telehealth/" local="129777696000000000" remote="129777696000000000" />
<file name="aefurat.ctg.z" server="mynote.net.au/public_html/telehealth/" local="129777696000000000" remote="129777696000000000" />
<file name="aefurat.php" server="mynote.net.au/public_html/telehealth/" local="129777696000000000" remote="129777696000000000" />
<file name="aefurat.z" server="mynote.net.au/public_html/telehealth/" local="129777696000000000" remote="129777696000000000" />
<file name="almohanad.ctg.z" server="mynote.net.au/public_html/telehealth/" local="129868470000000000" remote="129868470000000000" />
<file name="almohanad.php" server="mynote.net.au/public_html/telehealth/" local="129868470000000000" remote="129868470000000000" />
<file name="almohanad.z" server="mynote.net.au/public_html/telehealth/" local="129868470000000000" remote="129868470000000000" />
<file name="arialunicid0.php" server="mynote.net.au/public_html/telehealth/" local="129868470000000000" remote="129868470000000000" />
<file name="chinese.php" server="mynote.net.au/public_html/telehealth/" local="129868470000000000" remote="129868470000000000" />
<file name="cid0cs.php" server="mynote.net.au/public_html/telehealth/" local="129619584000000000" remote="129619584000000000" />
<file name="cid0ct.php" server="mynote.net.au/public_html/telehealth/" local="129619584000000000" remote="129619584000000000" />
</dwsync>