<?xml version="1.0" encoding="utf-8" ?><dwsync><file name="2dbarcodes.php" server="mynote.net.au/public_html/telehealth/" local="129802896000000000" remote="129802896000000000" /><file name="CHANGELOG.TXT" server="mynote.net.au/public_html/telehealth/" local="129857310600000000" remote="129857310600000000" /><file name="LICENSE.TXT" server="mynote.net.au/public_html/telehealth/" local="129721536000000000" remote="129721536000000000" /><file name="README.TXT" server="mynote.net.au/public_html/telehealth/" local="129857310600000000" remote="129857310600000000" /><file name="barcodes.php" server="mynote.net.au/public_html/telehealth/" local="129802899000000000" remote="129802899000000000" /><file name="datamatrix.php" server="mynote.net.au/public_html/telehealth/" local="129690432000000000" remote="129690432000000000" /><file name="encodings_maps.php" server="mynote.net.au/public_html/telehealth/" local="129690432000000000" remote="129690432000000000" /><file name="2dbarcodes.php" server="mynote.net.au/public_html/test/rconcierge/rconcierge_restful_server/" local="129802644220000000" remote="129972943200000000" /><file name="barcodes.php" server="mynote.net.au/public_html/test/rconcierge/rconcierge_restful_server/" local="129918030720000000" remote="129972943200000000" /><file name="CHANGELOG.TXT" server="mynote.net.au/public_html/test/rconcierge/rconcierge_restful_server/" local="129966754260000000" remote="129972943200000000" /><file name="composer.json" server="mynote.net.au/public_html/test/rconcierge/rconcierge_restful_server/" local="129966754260000000" remote="129972943200000000" /><file name="tcpdf.php" server="ftp.mynote.net.au//home/meoadm/public_html/telehealth/" local="3448237224" remote="16333139139" /></dwsync>