<?xml version="1.0" encoding="utf-8" ?><dwsync><file name="install.php" server="ftp.mynote.net.au//home/meoadm/public_html/telehealth/" local="3423789822" remote="16308691710" /><file name="install.php" server="mynote.net.au/public_html/telehealth/" local="129871612276856813" remote="129871612200000000" /><file name="upload.php" server="mynote.net.au/public_html/telehealth/" local="129877776669228294" remote="129877776600000000" /><file name="test.php" server="mynote.net.au/public_html/telehealth/" local="129959044476569994" remote="129959044200000000" /><file name=".ftpquota" server="mynote.net.au/public_html/telehealth/" local="129854186210000000" remote="129899493600000000" /><file name="test.php" server="ftp.mynote.net.au//home/meoadm/public_html/telehealth/" local="3450326922" remote="16335228823" /><file name="ck.pem" server="mynote.net.au/public_html/telehealth/" local="129935954630000000" remote="129935957400000000" /><file name="test.php" server="telehealth.redimed.com.au//telehealth/" local="3461223202" remote="16346125068" /></dwsync>