<?xml version="1.0" encoding="utf-8" ?><dwsync><file name="member.php" server="ftp.mynote.net.au//home/meoadm/public_html/telehealth/" local="3424679295" remote="20604548479" /><file name="index.html" server="ftp.mynote.net.au//home/meoadm/public_html/telehealth/" local="3424679293" remote="20604548477" /><file name="form.php" server="mynote.net.au/public_html/telehealth/" local="129913388400000000" remote="129913388400000000" /><file name="results.php" server="mynote.net.au/public_html/telehealth/" local="129913390200000000" remote="129913390200000000" /><file name="settings.php" server="mynote.net.au/public_html/telehealth/" local="129890822400000000" remote="129890822400000000" /><file name="authen.php" server="mynote.net.au/public_html/telehealth/" local="129936676800000000" remote="129936676800000000" /><file name="index.html" server="mynote.net.au/public_html/telehealth/" local="129863080800000000" remote="129863080800000000" /><file name="member.php" server="mynote.net.au/public_html/telehealth/" local="129863080800000000" remote="129863080800000000" /><file name="redimed.php" server="mynote.net.au/public_html/telehealth/" local="129931075200000000" remote="129931075200000000" /><file name="redimed.php" server="mynote.net.au//public_html/telehealth/" local="129870742460218203" remote="129870742200000000" /><file name="dashboard.php" server="mynote.net.au/public_html/telehealth/" local="129913265400000000" remote="129913265400000000" /><file name="welcome.php" server="mynote.net.au/public_html/telehealth/" local="129857740800000000" remote="129857740800000000" /><file name="json.php" server="mynote.net.au/public_html/telehealth/" local="130002722979915238" remote="130002723000000000" /><file name="json.php" server="ftp.mynote.net.au//home/meoadm/public_html/telehealth/" local="3451534076" remote="16336436018" /><file name="results.php" server="ftp.mynote.net.au//home/meoadm/public_html/telehealth/" local="3429710262" remote="20609579446" /><file name="redimed.php" server="ftp.mynote.net.au//home/meoadm/public_html/telehealth/" local="3431478731" remote="20611347915" /><file name="form.php" server="ftp.mynote.net.au//home/meoadm/public_html/telehealth/" local="3429710081" remote="20609579265" /><file name="dashboard.php" server="ftp.mynote.net.au//home/meoadm/public_html/telehealth/" local="3429697770" remote="20609566954" /><file name="authen.php" server="ftp.mynote.net.au//home/meoadm/public_html/telehealth/" local="3432038932" remote="20611908116" /><file name="settings.php" server="ftp.mynote.net.au//home/meoadm/public_html/telehealth/" local="3427453492" remote="20607322676" /><file name="welcome.php" server="ftp.mynote.net.au//home/meoadm/public_html/telehealth/" local="3424145295" remote="20604014479" /><file name="json2.php" server="ftp.mynote.net.au//home/meoadm/public_html/telehealth/" local="3444201806" remote="16329103823" /><file name="json2.php" server="mynote.net.au/public_html/telehealth/" local="130002724626243710" remote="130002724800000000" /><file name="json2.php" server="ftp.mynote.net.au//home/meoadm/public_html/telehealth_test/" local="3444198481" remote="16329100376" /><file name="json.php" server="ftp.mynote.net.au//home/meoadm/public_html/telehealth_test/" local="3448248157" remote="16333150061" /><file name="json.php" server="mynote.net.au/public_html/telehealth_test/" local="130094357245134120" remote="130094361600000000" /><file name="json.php" server="telehealth.redimed.com.au//telehealth/" local="3461289360" remote="16346191248" /><file name="authen.php" server="telehealth.redimed.com.au//telehealth/" local="3452572901" remote="16337474748" /><file name="json2.php" server="telehealth.redimed.com.au//telehealth/" local="3459983471" remote="16344885828" /></dwsync>