<?xml version="1.0" encoding="utf-8" ?>
<dwsync>
<file name="autoload.php" server="mynote.net.au/public_html/test/rapi/" local="129912395400000000" remote="129912395400000000" />
<file name="config.php" server="mynote.net.au/public_html/test/rapi/" local="129912395400000000" remote="129912395400000000" />
<file name="constants.php" server="mynote.net.au/public_html/test/rapi/" local="129912395400000000" remote="129912395400000000" />
<file name="database.php" server="mynote.net.au/public_html/test/rapi/" local="129912399688858812" remote="129912399600000000" />
<file name="doctypes.php" server="mynote.net.au/public_html/test/rapi/" local="129912395400000000" remote="129912395400000000" />
<file name="foreign_chars.php" server="mynote.net.au/public_html/test/rapi/" local="129912395400000000" remote="129912395400000000" />
<file name="hooks.php" server="mynote.net.au/public_html/test/rapi/" local="129912395400000000" remote="129912395400000000" />
<file name="index.html" server="mynote.net.au/public_html/test/rapi/" local="129912395400000000" remote="129912395400000000" />
<file name="mimes.php" server="mynote.net.au/public_html/test/rapi/" local="129912395400000000" remote="129912395400000000" />
<file name="profiler.php" server="mynote.net.au/public_html/test/rapi/" local="129912395400000000" remote="129912395400000000" />
<file name="rest.php" server="mynote.net.au/public_html/test/rapi/" local="129912395400000000" remote="129912395400000000" />
<file name="routes.php" server="mynote.net.au/public_html/test/rapi/" local="129912395400000000" remote="129912395400000000" />
<file name="smileys.php" server="mynote.net.au/public_html/test/rapi/" local="129912395400000000" remote="129912395400000000" />
<file name="user_agents.php" server="mynote.net.au/public_html/test/rapi/" local="129912395400000000" remote="129912395400000000" />
</dwsync>