<?xml version="1.0" encoding="utf-8" ?>
<dwsync>
<file name="accept_item.png" server="mynote.net.au/public_html/telehealth/" local="128546281540000000" remote="129871744200000000" />
<file name="add_item.png" server="mynote.net.au/public_html/telehealth/" local="128546281540000000" remote="129871744200000000" />
<file name="add_to_favorites.png" server="mynote.net.au/public_html/telehealth/" local="128546281660000000" remote="129871744200000000" />
<file name="attachment.png" server="mynote.net.au/public_html/telehealth/" local="128546281580000000" remote="129871744200000000" />
<file name="calculator.png" server="mynote.net.au/public_html/telehealth/" local="128546281680000000" remote="129871744200000000" />
<file name="calendar.png" server="mynote.net.au/public_html/telehealth/" local="128546281740000000" remote="129871744200000000" />
<file name="camera.png" server="mynote.net.au/public_html/telehealth/" local="128546281520000000" remote="129871744200000000" />
<file name="chart.png" server="mynote.net.au/public_html/telehealth/" local="128546281600000000" remote="129871744200000000" />
<file name="comment_bubble.png" server="mynote.net.au/public_html/telehealth/" local="128546281760000000" remote="129871744200000000" />
<file name="cut.png" server="mynote.net.au/public_html/telehealth/" local="128546281620000000" remote="129871744200000000" />
<file name="database_server.png" server="mynote.net.au/public_html/telehealth/" local="128546281700000000" remote="129871744200000000" />
<file name="delete_item.png" server="mynote.net.au/public_html/telehealth/" local="128546281540000000" remote="129871744200000000" />
<file name="dollar_currency_sign.png" server="mynote.net.au/public_html/telehealth/" local="128546281280000000" remote="129871744200000000" />
<file name="down_arrow.png" server="mynote.net.au/public_html/telehealth/" local="128546281560000000" remote="129871744200000000" />
<file name="edit_item.png" server="mynote.net.au/public_html/telehealth/" local="128546281580000000" remote="129871744200000000" />
<file name="email.png" server="mynote.net.au/public_html/telehealth/" local="128546281780000000" remote="129871744800000000" />
<file name="email_send.png" server="mynote.net.au/public_html/telehealth/" local="128546281760000000" remote="129871744800000000" />
<file name="euro_currency_sign.png" server="mynote.net.au/public_html/telehealth/" local="128546281280000000" remote="129871744800000000" />
<file name="favorite.png" server="mynote.net.au/public_html/telehealth/" local="128546281660000000" remote="129871744800000000" />
<file name="folder.png" server="mynote.net.au/public_html/telehealth/" local="128546281780000000" remote="129871744800000000" />
<file name="hard_disk.png" server="mynote.net.au/public_html/telehealth/" local="128546281680000000" remote="129871744800000000" />
<file name="headphones.png" server="mynote.net.au/public_html/telehealth/" local="128546281500000000" remote="129871744800000000" />
<file name="help.png" server="mynote.net.au/public_html/telehealth/" local="128546281600000000" remote="129871744800000000" />
<file name="home.png" server="mynote.net.au/public_html/telehealth/" local="128546281780000000" remote="129871744800000000" />
<file name="info.png" server="mynote.net.au/public_html/telehealth/" local="128546281600000000" remote="129871744800000000" />
<file name="left_arrow.png" server="mynote.net.au/public_html/telehealth/" local="128546281560000000" remote="129871744800000000" />
<file name="lock.png" server="mynote.net.au/public_html/telehealth/" local="128546281640000000" remote="129871744800000000" />
<file name="login.png" server="mynote.net.au/public_html/telehealth/" local="128546281620000000" remote="129871744800000000" />
<file name="note.png" server="mynote.net.au/public_html/telehealth/" local="128546281720000000" remote="129871744800000000" />
<file name="note_accept.png" server="mynote.net.au/public_html/telehealth/" local="128546281720000000" remote="129871744800000000" />
<file name="note_delete.png" server="mynote.net.au/public_html/telehealth/" local="128546281720000000" remote="129871744800000000" />
<file name="printer.png" server="mynote.net.au/public_html/telehealth/" local="128546281760000000" remote="129871744800000000" />
<file name="process.png" server="mynote.net.au/public_html/telehealth/" local="128546281700000000" remote="129871744800000000" />
<file name="promotion.png" server="mynote.net.au/public_html/telehealth/" local="128546281480000000" remote="129871744800000000" />
<file name="remove_item.png" server="mynote.net.au/public_html/telehealth/" local="128546281520000000" remote="129871744800000000" />
<file name="right_arrow.png" server="mynote.net.au/public_html/telehealth/" local="128546281580000000" remote="129871744800000000" />
<file name="rss_feed.png" server="mynote.net.au/public_html/telehealth/" local="128546281700000000" remote="129871745400000000" />
<file name="search_magnifier.png" server="mynote.net.au/public_html/telehealth/" local="128546281660000000" remote="129871745400000000" />
<file name="shopping_cart.png" server="mynote.net.au/public_html/telehealth/" local="128546281680000000" remote="129871745400000000" />
<file name="telephone.png" server="mynote.net.au/public_html/telehealth/" local="128546281580000000" remote="129871745400000000" />
<file name="tool.png" server="mynote.net.au/public_html/telehealth/" local="128546281620000000" remote="129871745400000000" />
<file name="trash.png" server="mynote.net.au/public_html/telehealth/" local="128546281680000000" remote="129871745400000000" />
<file name="unlock.png" server="mynote.net.au/public_html/telehealth/" local="128546281620000000" remote="129871745400000000" />
<file name="up_arrow.png" server="mynote.net.au/public_html/telehealth/" local="128546281560000000" remote="129871745400000000" />
<file name="user.png" server="mynote.net.au/public_html/telehealth/" local="128546281740000000" remote="129871745400000000" />
<file name="users.png" server="mynote.net.au/public_html/telehealth/" local="128546281740000000" remote="129871745400000000" />
<file name="user_comment.png" server="mynote.net.au/public_html/telehealth/" local="128546281740000000" remote="129871745400000000" />
<file name="video_movie_track.png" server="mynote.net.au/public_html/telehealth/" local="128546281500000000" remote="129871745400000000" />
<file name="world_globe.png" server="mynote.net.au/public_html/telehealth/" local="128546281520000000" remote="129871745400000000" />
<file name="yen_currency_sign.png" server="mynote.net.au/public_html/telehealth/" local="128546281120000000" remote="129871745400000000" />
<file name="zoom_in_magnifier.png" server="mynote.net.au/public_html/telehealth/" local="128546281640000000" remote="129871745400000000" />
<file name="zoom_out_magnifier.png" server="mynote.net.au/public_html/telehealth/" local="128546281640000000" remote="129871745400000000" />
</dwsync>