<?xml version="1.0" encoding="utf-8" ?><dwsync><file name="DB_utility.php" server="ftp.mynote.net.au//home/meoadm/public_html/telehealth/" local="3423789822" remote="20603659006" /><file name="DB_forge.php" server="ftp.mynote.net.au//home/meoadm/public_html/telehealth/" local="3423789822" remote="20603659006" /><file name="DB_driver.php" server="ftp.mynote.net.au//home/meoadm/public_html/telehealth/" local="3423789822" remote="20603659006" /><file name="DB.php" server="ftp.mynote.net.au//home/meoadm/public_html/telehealth/" local="3423789822" remote="20603659006" /><file name="DB_cache.php" server="ftp.mynote.net.au//home/meoadm/public_html/telehealth/" local="3423789822" remote="20603659006" /><file name="index.html" server="ftp.mynote.net.au//home/meoadm/public_html/telehealth/" local="3423789822" remote="20603659006" /><file name="DB_active_rec.php" server="ftp.mynote.net.au//home/meoadm/public_html/telehealth/" local="3423789822" remote="20603659006" /><file name="DB_result.php" server="ftp.mynote.net.au//home/meoadm/public_html/telehealth/" local="3423789822" remote="20603659006" /></dwsync>