<?xml version="1.0" encoding="utf-8" ?>
<dwsync>
<file name="chapter_demo_1.txt" server="mynote.net.au/public_html/telehealth/" local="129187584000000000" remote="129187584000000000" />
<file name="chapter_demo_2.txt" server="mynote.net.au/public_html/telehealth/" local="129187584000000000" remote="129187584000000000" />
<file name="table_data_demo.txt" server="mynote.net.au/public_html/telehealth/" local="128490336000000000" remote="128490336000000000" />
<file name="utf8test.txt" server="mynote.net.au/public_html/telehealth/" local="129523680000000000" remote="129523680000000000" />
<file name="chapter_demo_1.txt" server="mynote.net.au/public_html/test/rconcierge/rconcierge_restful_server/" local="129187584000000000" remote="129972943200000000" />
<file name="chapter_demo_2.txt" server="mynote.net.au/public_html/test/rconcierge/rconcierge_restful_server/" local="129187584000000000" remote="129972943200000000" />
<file name="table_data_demo.txt" server="mynote.net.au/public_html/test/rconcierge/rconcierge_restful_server/" local="128490336000000000" remote="129972943200000000" />
<file name="utf8test.txt" server="mynote.net.au/public_html/test/rconcierge/rconcierge_restful_server/" local="129523680000000000" remote="129972943200000000" />
</dwsync>