/*
SQLyog Ultimate v11.11 (64 bit)
MySQL - 5.6.16 : Database - sakila
*********************************************************************
*/

/*!40101 SET NAMES utf8 */;

/*!40101 SET SQL_MODE=''*/;

/*!40014 SET @OLD_UNIQUE_CHECKS=@@UNIQUE_CHECKS, UNIQUE_CHECKS=0 */;
/*!40014 SET @OLD_FOREIGN_KEY_CHECKS=@@FOREIGN_KEY_CHECKS, FOREIGN_KEY_CHECKS=0 */;
/*!40101 SET @OLD_SQL_MODE=@@SQL_MODE, SQL_MODE='NO_AUTO_VALUE_ON_ZERO' */;
/*!40111 SET @OLD_SQL_NOTES=@@SQL_NOTES, SQL_NOTES=0 */;
CREATE DATABASE /*!32312 IF NOT EXISTS*/`sakila` /*!40100 DEFAULT CHARACTER SET utf8 */;

USE `sakila`;

/*Table structure for table `redi_usertype_menus` */

DROP TABLE IF EXISTS `redi_usertype_menus`;

CREATE TABLE `redi_usertype_menus` (
  `id` int(11) NOT NULL AUTO_INCREMENT,
  `menu_id` int(11) NOT NULL,
  `type_id` int(11) NOT NULL,
  `isEnable` int(11) DEFAULT NULL,
  PRIMARY KEY (`id`)
) ENGINE=InnoDB DEFAULT CHARSET=utf8;

/*Data for the table `redi_usertype_menus` */

/*Table structure for table `user_token` */

DROP TABLE IF EXISTS `user_token`;

CREATE TABLE `user_token` (
  `ID` int(11) NOT NULL AUTO_INCREMENT,
  `user_id` int(11) DEFAULT NULL,
  `user_type` int(11) DEFAULT NULL,
  `android_token` text,
  `ios_token` text,
  `roomSession` varchar(500) DEFAULT NULL,
  PRIMARY KEY (`ID`)
) ENGINE=InnoDB AUTO_INCREMENT=452 DEFAULT CHARSET=utf8;

/*Data for the table `user_token` */

insert  into `user_token`(`ID`,`user_id`,`user_type`,`android_token`,`ios_token`,`roomSession`) values (3,56,3,'APA91bGKyWbLRuoD0nYVm7OSrk3-KMbLi61_F-DGeSHwPROR_Bvlf1S5lolL2zJfsgKOc0KB_HgRlKI5OyV7PHwjNKqwa3V3rxJ0ysCRRsP6Et2fdM1STzCO8tRGGKjWmu2QL4GuzPxzKsR3dAeoeKmqsOJlPtwivWlgWX6GZNw_lnLG6o5rlFpJVG9wGs9-mHargmzXa9BY',NULL,NULL),(5,56,3,'APA91bGSQNwn1JJyQ9-XLFQ6Sej08PMad1M5XGmyw0LVqgHhnGTErZv_w2BxHwPAkbnVI9vzQpLPKZrU3yyqSQWfi15OScH5tATTSYJjtwoFsFimZe1zn2-h6NgKKmAqzHndfRwhvFrA4ShYR24lZ62PRLpWqOqLidyvADrgt2Q0uZHYirobM0nbJg179GqwO4JvreFurAjy',NULL,NULL),(18,56,3,NULL,NULL,NULL),(27,56,3,'APA91bGo1DZf3L9_Lrexk5yB1q0dAzoQtcRSPdoN-jWjJEoWsOySudXMv_EoiA-sIo2NwryG-042rIn4JU3kuKge2fa1A8KRxF3CH_JGb-F2n36Z0s5FIxS9b6RppbRKEhcwggu_P6fGc8qoShHHA0PCvD1YJuod7SbgP0Oec35ZR_tEGd1xUr7UKXXIVbe_2EcVteFwEEXH',NULL,NULL),(68,56,3,'APA91bGhmAqw03T6zfUMnAfz8bfuyH0OdlEPEMHjzd7bSxWYydR52PmsCjf8dTsdSzmxZhVihTsnblb0MBYfq4ErJUieJ1CAsjim1OueA4-umNxgj6brC4u6oEmaU2X-pLX0aE9XDtyU4Ab_ueBslt-YBpXbInxccdsYlrIJsgjt-pc0w40z0RYMFy4UI8sXHwUBdZJf-kNh',NULL,NULL),(76,56,3,'APA91bGkcxWrE-YTLVFLoaYwjLDkQqJL6Gq7b-pcO-raoYC2Oys_GT_YrfCpr8pnwaH8lM7qNA_amPUqx9PRoIOuXdEgRZB3gASggTp_ur0_KB8VpMpr3-PpsgGY3BBIcr3GW3PJgLCBXDYKB1h4keHvQ_oEG4PBNlZunxoPD-EbGN-CmGYYijv-Zspw2nuQXBX1rkZ-YGjg',NULL,NULL),(88,56,3,'APA91bGxHtiKalm2--e09FzKgKD67-FNF151hhR_-DnDkxSbcrQ848Z2uuHYlAqHkkUXBruEyCvL3nMKxVMvi1MW9gfScE251DfWg9yVQ0ZQLDSZz_Yx6k-zRF5fdd9tXet3oOlNZucNqpmdhj7LBjo2_JWRtoXn3TTdPrfb5TSMMlzFG7wVZlkt11oEnW8ZAp2rt8HcWYGw',NULL,NULL),(107,56,3,'APA91bGLcYGNEbuNLqC_hCJBoRRzNC9GWgfm0gueWHH95TGE0SEzHUYM9b9LIunJDrPZ5j3CdtGK4QNCQmm9qVomEMc92CxbDy_6fkhpayP10RK9UQfIM8y0UkguhSjBB7kU5wwQiqKU18jN054aPHg8YBHnvQBB_sK3EliKC_C8B4E_aUkostKH9urrT1YX2L9nuo1LIwa-',NULL,NULL),(126,56,3,'APA91bGslkFPNMw-4kZPyCKIjZJF9J_n_xtVagfaumxWX0zLvNq8FEcAdgcdnimQh6u2IHlXFGVfCMgoTH1b5xHnUyx9i4dXQjj3IrVetXVXePMOGTHnaPpFkcmFUx-rnzmT_Fci3IcPbEHkzG2cpncHBBPiqAZ-L6cgBfSAoUWRGg8j7hiTsEpwW5IgSEo4-rMfmMs_ATgY',NULL,NULL),(137,56,3,'APA91bGSoWb2E7GV-em7HuCshU-RnYDA28pjsAD5b9fOPjfKpQi8Y1mCjWG6vIIuEEQOs9Xig4HDxtSU54NUowtU8pC5E17Uv_KtQO4d_MLAhkVGQ4Gznb23G2xz2m6DjU6vexHB_TCozyry2WOXROg9R3PtaqfIFmSJKPMMPowoDVlFTFeCS6mwJUQllpKVdS2VKQIiItkO',NULL,NULL),(139,56,3,'APA91bHVMimkduL-VvaCEKOwVYBgTcRzd1GglGsUa3y6ylarmxOBmquM1sgHlRSNcr34CAwCbmwsu7oQtaGrFXSBi-6bk7CbhsUdRMMWD04p1uUlYYUSdjq9G3HUaWV8HiIYX0ThVDa8yJosIn58Fzb1f6MuO7aSPpe9I_lwaK3EMS6y0xQxXu1LiROp_Z0jSm63Dn81_k8Y',NULL,NULL),(150,56,3,'APA91bG8g82A5Gm2FgCbHq52hpFU7ofEdgSyB0R8rTsRJb8thZpn25TrpODgt_oa3F1ZdMRWkvvUW_ybDxQmpkmwhGfA46wX48Pt55JOojPiHhEcjrSG2H14JC4C7MHwlPIZx6n6uGctI2xA7nsu_fnG0N8UjIamnB_KGs-T1BG-oAsTOTfmBAKfCJ1ePDIagwKoLLM-PUJ_',NULL,NULL),(156,226,6,NULL,NULL,NULL),(160,227,6,'APA91bGslkFPNMw-4kZPyCKIjZJF9J_n_xtVagfaumxWX0zLvNq8FEcAdgcdnimQh6u2IHlXFGVfCMgoTH1b5xHnUyx9i4dXQjj3IrVetXVXePMOGTHnaPpFkcmFUx-rnzmT_Fci3IcPbEHkzG2cpncHBBPiqAZ-L6cgBfSAoUWRGg8j7hiTsEpwW5IgSEo4-rMfmMs_ATgY',NULL,NULL),(164,56,3,'APA91bGpBp8VaJfQ1zr7dUXCWcLHnTXOznSGwK_4KzUxuZZm7RDgmbYxx7H8Q6pyArPAR8K6OvZIQaK-N4nq4mvsznHqWProsKSxInz4mK1IpgdlL-Wuo1OCt10cCbOPSAyo2CYKVprV1AVVU8Xn1UgHZf-q2Hp26WA8gEOCG0V_5YqX-wKO__EpULfh-g0nTUNUxX19-mdv',NULL,NULL),(166,56,3,'APA91bHPAJaiMyOU6a2ckmfdId-2t-gm8xm2D_yFSl8juCQXpadh-dFfL6rxA2LbJZwabxyJeEDGqgu4YW1XZ-sAKWtzu8Pl3WEm7bGJ6KUEJKwyMfnAHIIWvilpWgqUHyvG2YyXwcR3WBErySaWJiApwJPxMZ1Ue-DMgd1WZviyq8jLVEvlKaBjfeK3IdAq8nu-sGbcYwH1',NULL,NULL),(168,56,3,'APA91bGXRpPU5nDExTdbSytDuX8nrYTWS7Pb_9MgCOqr6oSLQ8EEpPfPntaUsQ2za5J-DGefScyKVW-yo9tuSah3w9MXEevgVzJsuqe1_o_yqIHIjfdDOd3hLHYq51zS8bxnsSZpJK_WEFBzeEY8zX_KT-FnADx-9o-vlU_K3Vz0M7MQv0vSlzQqV0ARB1TsC5uBqvUvVldY',NULL,NULL),(169,56,3,'APA91bFJqsMXAc7hkjL2Ia-U-v02kuPWNBhUTgGmDTiBHnMN-Eo_zAggnNJrYnvIDHq-aSjcX0v2rp72UzDttkE-yfRD9DWpMHA3W_UmWWSKHbGwt_W63DINgB8pfMHDHKddZUtIAD3ybySgAslFSC7tThjgxUbzJ-yCMCzo7eluCCxrdFdW0Whiy8gaw6-qeJsGvajwFGmr',NULL,NULL),(170,56,3,'APA91bFJqsMXAc7hkjL2Ia-U-v02kuPWNBhUTgGmDTiBHnMN-Eo_zAggnNJrYnvIDHq-aSjcX0v2rp72UzDttkE-yfRD9DWpMHA3W_UmWWSKHbGwt_W63DINgB8pfMHDHKddZUtIAD3ybySgAslFSC7tThjgxUbzJ-yCMCzo7eluCCxrdFdW0Whiy8gaw6-qeJsGvajwFGmr',NULL,NULL),(171,56,3,'APA91bFJqsMXAc7hkjL2Ia-U-v02kuPWNBhUTgGmDTiBHnMN-Eo_zAggnNJrYnvIDHq-aSjcX0v2rp72UzDttkE-yfRD9DWpMHA3W_UmWWSKHbGwt_W63DINgB8pfMHDHKddZUtIAD3ybySgAslFSC7tThjgxUbzJ-yCMCzo7eluCCxrdFdW0Whiy8gaw6-qeJsGvajwFGmr',NULL,NULL),(172,56,3,'APA91bFJqsMXAc7hkjL2Ia-U-v02kuPWNBhUTgGmDTiBHnMN-Eo_zAggnNJrYnvIDHq-aSjcX0v2rp72UzDttkE-yfRD9DWpMHA3W_UmWWSKHbGwt_W63DINgB8pfMHDHKddZUtIAD3ybySgAslFSC7tThjgxUbzJ-yCMCzo7eluCCxrdFdW0Whiy8gaw6-qeJsGvajwFGmr',NULL,NULL),(173,56,3,'APA91bFJqsMXAc7hkjL2Ia-U-v02kuPWNBhUTgGmDTiBHnMN-Eo_zAggnNJrYnvIDHq-aSjcX0v2rp72UzDttkE-yfRD9DWpMHA3W_UmWWSKHbGwt_W63DINgB8pfMHDHKddZUtIAD3ybySgAslFSC7tThjgxUbzJ-yCMCzo7eluCCxrdFdW0Whiy8gaw6-qeJsGvajwFGmr',NULL,NULL),(174,56,3,'APA91bFJqsMXAc7hkjL2Ia-U-v02kuPWNBhUTgGmDTiBHnMN-Eo_zAggnNJrYnvIDHq-aSjcX0v2rp72UzDttkE-yfRD9DWpMHA3W_UmWWSKHbGwt_W63DINgB8pfMHDHKddZUtIAD3ybySgAslFSC7tThjgxUbzJ-yCMCzo7eluCCxrdFdW0Whiy8gaw6-qeJsGvajwFGmr',NULL,NULL),(175,226,6,'APA91bE3RRzoKghsJGLLOia9VFJ2BdF9bHUH_JYJhZjlVJD29bH3kmJTYZtWuNnkwODbUyRCl9fT7iJsO-u9zZnwktE2r19K3qV-KB1yp2IVNvbplvjMT2ZNf3_89H4wLuGJGwVaGgQr9GlvA_N2qjxXg8uQBtV1prW2VdIUwRo-hak_WYZ0hKVk-Ema1diuGbP4SqsczhZ2',NULL,NULL),(176,226,6,NULL,NULL,'2_MX40NTExMDE3Mn5-MTQxOTIzNTIxOTU4M35CcHRPYThoazBDMDh0d0ZXYSt3TkhUSlZ-fg'),(179,226,6,'APA91bEFcKO-ERYS6_plueIES-8Oyqu_uFnNhbbkO85916gTMafLf52ZZi_YiDjZfPl945ykkgi20ZWL3q8sHe2fc_l8RB-o14lhPdjd5Ju_TOiZSHv2GoiUvMQroy0OEE-OJSMFRl3vJ11pBJdarmsyi9QmF_VR6nBoga03lbJ-KHF6V8Bih6xgl55JBP5yKmDAfJbs8--b',NULL,'1_MX40NTExMDE3Mn5-MTQxOTIzNTM4NjgwOX5qbCtMZzAyRzI3YnZYZHhvaXFlOW5odmh-fg'),(181,56,3,'APA91bFq7uobg_PccCI2ca9EWa30oQod7N8S4PC0kKycTqvIjS2ZsbCtuksZ_SLIjZ6B38J-KyaJxSP3Cz8B2RXcRO1fahHeMY7xnDwEj_SEAIsPxsYmu9cMrDYItfCUwfiR7g33DRz2iS6-2jEOxaQtBCAWGVrJEcXv2Klc_9kTaVvHy0zwDEOikMvLNEPhMZJU1wJ1VWHZ',NULL,'2_MX40NTExMDE3Mn5-MTQxOTI1MjExNDQ4OX5sSWRzUUtHaXFkWjF5ZGlhMTVyWlZiQ0d-fg'),(182,226,6,NULL,NULL,'2_MX40NTExMDE3Mn5-MTQxOTMwNDE1NTIxM35DVDh0L1ZaZjFnd3Rzc0tubGw1ZXA1aVB-fg'),(183,226,6,NULL,NULL,'1_MX40NTExMDE3Mn5-MTQxOTMwNDQ3MzgyNX5hZHJVNXFMaFVwTTRaeUl4VTN5SlJGeXl-fg'),(184,226,6,NULL,NULL,'1_MX40NTExMDE3Mn5-MTQxOTMwNDQ3NTQ3MH5RZzBLZ2hQWVlibVlReFlob2k1MEthQ01-fg'),(185,226,6,NULL,NULL,'2_MX40NTExMDE3Mn5-MTQxOTMwNzIxNDI0Nn5VMHo1YVJqbUtFem9TZTM3bm5CUUVNWjV-fg'),(186,226,6,NULL,NULL,'1_MX40NTExMDE3Mn5-MTQxOTMwNzIxNDI2MH5NZ2l1ek5uL1YvRXVmd0NzVVBQd3EwRk1-fg'),(187,226,6,NULL,NULL,'2_MX40NTExMDE3Mn5-MTQxOTMwNzIxNDI2M35sRGNsakhFU1FvaTVjMURrYlFzY3FWWG1-fg'),(188,226,6,NULL,NULL,'2_MX40NTExMDE3Mn5-MTQxOTMwNzIxNDI4NH5YTXJoM0ZOVmQrZmNtTUlXd2FibmpBV2J-fg'),(189,226,6,NULL,NULL,'2_MX40NTExMDE3Mn5-MTQxOTMwNzIxNDI3NH45b3o0a1RLYThCbG9MczBBRFA4Ulh0QUl-fg'),(190,226,6,NULL,NULL,'1_MX40NTExMDE3Mn5-MTQxOTMwNzIxNDc4M35VNkIybHFpa2RHeDVTV1FwNTNKclhYOTd-fg'),(191,226,6,NULL,NULL,'2_MX40NTExMDE3Mn5-MTQxOTMwNzIxNDc3N35qWHdNR1FST0lsZDlSRGtxSkFDQUl2bld-fg'),(192,226,6,NULL,NULL,'2_MX40NTExMDE3Mn5-MTQxOTMwNzIxNzUzMH5qTTlic1JqZlVvekl2S3h1NXRKQ2gyN1Z-fg'),(193,226,6,NULL,NULL,'1_MX40NTExMDE3Mn5-MTQxOTMwNzIxNzc1OH5rQWFMZEFPd2RiYnlEM1lLYnU1MW5ZOUl-fg'),(194,226,6,NULL,NULL,'1_MX40NTExMDE3Mn5-MTQxOTMwNzIxNzc0OX5iOXhldVYrK2w3RFdnMWZxMUgzMFMyOWt-fg'),(195,226,6,NULL,NULL,'1_MX40NTExMDE3Mn5-MTQxOTMwNzIxNzc3N35TRFNUUTRMa1c4V0lLNEVvRlI1Y3E4cEx-fg'),(196,226,6,NULL,NULL,'1_MX40NTExMDE3Mn5-MTQxOTMwNzIxODA2NX51bUlTZXppZjJ4dXBWNjhTNUEyMzBxSXh-fg'),(197,226,6,NULL,NULL,'2_MX40NTExMDE3Mn5-MTQxOTMwNzIxODE1OH5IazRpN3BoRGhqT2o1b3FlaTRNdmxOcVV-fg'),(198,226,6,NULL,NULL,'1_MX40NTExMDE3Mn5-MTQxOTMwNzIyMDEzNX5JVFdNdXd3YXlWSXNhZGhadW5ISFhYUWF-fg'),(199,226,6,NULL,NULL,'1_MX40NTExMDE3Mn5-MTQxOTMwNzIyMDM4M35aK29oS0RIeXVXMVNCRXAzdDdxSU1QMk1-fg'),(200,226,6,NULL,NULL,'2_MX40NTExMDE3Mn5-MTQxOTMwNzIyMDY3NX5NcGI2SWh5anlORWF2ekhINGRWcDA5dEp-fg'),(201,226,6,NULL,NULL,'2_MX40NTExMDE3Mn5-MTQxOTMwNzIyMDc2NH5kTzkyUURuMUZwYitIa1RtdUxIelJidWl-fg'),(202,226,6,NULL,NULL,'2_MX40NTExMDE3Mn5-MTQxOTMwNzIyMDc2MH5RbnFpWks5ZFdNNjBUdi85T1hCV05vTGJ-fg'),(203,226,6,NULL,NULL,'2_MX40NTExMDE3Mn5-MTQxOTMwNzIyMDgwOH5NMG9aWE1Nc3RTS2NUbWZYYnY2bkRULzJ-fg'),(204,226,6,NULL,NULL,'1_MX40NTExMDE3Mn5-MTQxOTMwNzIyMjgxMH5VM2h4SCtCWEZUejNXSFUrdTlOT2ZxMmp-fg'),(205,56,3,NULL,NULL,'2_MX40NTExMDE3Mn5-MTQxOTMwNzMwODMyNX5RK0RhaVZnQlNLc2pmcFY0UEpiM1BLZlp-fg'),(206,56,3,NULL,NULL,'1_MX40NTExMDE3Mn5-MTQxOTMwNzMyNTQ0MX5VVVNLNEtWR0pOcGdkMWJpSVN1bjJ2TFd-fg'),(207,56,3,NULL,NULL,'2_MX40NTExMDE3Mn5-MTQxOTMwNzMyODQwOH54WktVS3c4bTNsMmlvZGdBQlQ4Y2t6Mjl-fg'),(208,56,3,NULL,NULL,'1_MX40NTExMDE3Mn5-MTQxOTMwNzMzMzEzNn5NeUx1a05qNWhrTDNRQU9DaGZycjdrM3Z-fg'),(209,56,3,NULL,NULL,'2_MX40NTExMDE3Mn5-MTQxOTMwNzMzMzYzN35MeHlTdDZDbVNVeVRIUy84YW4zdHZZaUl-fg'),(210,56,3,NULL,NULL,'1_MX40NTExMDE3Mn5-MTQxOTMwNzMzODc2MH5YR0NGdUlncW9LdGxNa0wxU3ZYOTF2SVh-fg'),(211,56,3,NULL,NULL,'1_MX40NTExMDE3Mn5-MTQxOTMwNzM0MDg4NX5SZmYvVEk3LzY0azN4eTl1TVl3dCtBVVB-fg'),(212,56,3,NULL,NULL,'2_MX40NTExMDE3Mn5-MTQxOTMwNzM0OTEwN35ORGRmeEpDQzNTenRJSHlQbEdJMHAxd0R-fg'),(213,56,3,NULL,NULL,'2_MX40NTExMDE3Mn5-MTQxOTMwNzM0OTU0N35oeXlaWGYxcDNnQ3NCREpQVHlHZ3U3QkR-fg'),(214,56,3,NULL,NULL,'1_MX40NTExMDE3Mn5-MTQxOTMwNzM1MDEzMH5scllEb2MrTk9NNmozbUlUNjYrcmtIMWN-fg'),(215,56,3,NULL,NULL,'2_MX40NTExMDE3Mn5-MTQxOTMwNzM1MTMwM344bURCcm05Q281dzE4aWNkc1BiYmgvU3N-fg'),(216,56,3,NULL,NULL,'1_MX40NTExMDE3Mn5-MTQxOTMwNzM1Mjk4Mn53NitXeXVFb1g0WXFOdEJoK2hRWDdWam9-fg'),(217,56,3,NULL,NULL,'2_MX40NTExMDE3Mn5-MTQxOTMwNzM1MzIxNn5rdGluTFh6NnYrVUMvUnROMis1SEdaWWh-fg'),(218,56,3,NULL,NULL,'1_MX40NTExMDE3Mn5-MTQxOTMwNzM1MzIxOX4xTGVKNDdnaUpKaW5lWTV2dndpWGh4dXl-fg'),(219,56,3,NULL,NULL,'1_MX40NTExMDE3Mn5-MTQxOTMwNzM1NTE0NH45YVhlTjg4MXBNSlhuYmJKTnlTdXFuUDV-fg'),(220,56,3,NULL,NULL,'1_MX40NTExMDE3Mn5-MTQxOTMwNzM1NTM0OX4rMUZVcitmOHlHMkhvcWkwUENEaVFEMEV-fg'),(221,56,3,NULL,NULL,'1_MX40NTExMDE3Mn5-MTQxOTMwNzM1NzU1OH51TVhOSCtvM0Yza2VsZWVHUnRLQ2JvNUl-fg'),(222,56,3,NULL,NULL,'1_MX40NTExMDE3Mn5-MTQxOTMwNzM1NzU1MH5OeHgrQ1V6cnZ4bks2VXZ2RFMrMUljdHp-fg'),(223,56,3,NULL,NULL,'2_MX40NTExMDE3Mn5-MTQxOTMwNzM1Nzg0MH4yUXJnSEpDR1hOT0IxTmxQS0xQTkhRMFR-fg'),(224,56,3,NULL,NULL,'2_MX40NTExMDE3Mn5-MTQxOTMwNzM1OTEwNH5lR1ZUeXlCeEsrb292TjU4MFE1WEl5YXR-fg'),(225,56,3,NULL,NULL,'1_MX40NTExMDE3Mn5-MTQxOTMwNzM1OTU4OX4xOHdvR2dQWXEvNWx4TEFNbHY3Tkoxbnd-fg'),(226,56,3,NULL,NULL,'2_MX40NTExMDE3Mn5-MTQxOTMwNzM2MTA4OX5zL3YrUHlOVFA3b3B4LzZ4SFQwRVhsMkF-fg'),(227,56,3,NULL,NULL,'1_MX40NTExMDE3Mn5-MTQxOTMwNzM2MTI4N35iM25sQmQ1dDZBOWlZb1kvZXB3NGErN09-fg'),(228,56,3,NULL,NULL,'2_MX40NTExMDE3Mn5-MTQxOTMwNzM2MzczNH5XZ0JLaWRJbFNvYm5MejBjSWc4ZVRJenN-fg'),(229,56,3,NULL,NULL,'1_MX40NTExMDE3Mn5-MTQxOTMwNzM2NDAxN34waEtaamdxQzYySkR1T3dRUFZ1cm5jRzl-fg'),(230,226,6,'APA91bHgm6N9tlNyg8hFtGHxzCeSA2SYpPb1b-kmgSr5leGQ5ePv9eFTak9mYd2j-wcWSNPbPEZofYXCvBh4klRw3Mdj3oXBxBg7TCETaO3Zrh4l2V5xjRCBfCvK0lfxixLoEV_bEfPofjBTYd9JmN7wNTlcICILTrGFeBg8aylaToJK77_VeizHR7m-9oUQxH6N0mZZSO6c',NULL,'1_MX40NTExMDE3Mn5-MTQxOTMxNTM2NTIyMH5Fd1hLSjlxZkl2dEtvcHI2QkJzU2JqSm5-fg'),(231,226,6,NULL,NULL,'1_MX40NTExMDE3Mn5-MTQxOTMxNTcwMTIwNX5BOGk0eWRTNk1aUy84MXZFdE1odXdJTU1-fg'),(232,226,6,'APA91bE9xi2XVeQcmdoGl50nrkUgxMpEYcJWBiIbeUie6dBPNMoovnhNgO-8Yv2VPGAHftJesZgoCFMxatcNjnaI_t1rt6h5kjfZScnds4V75adgakU2wD2LWWMB223ePcqvVg6Xo9vKKeuGJE0RYKUoKJ_OChUQTWsDXFZst213kiKqCXrx-G86-a33P2YmhkZl45c1E7-v',NULL,'1_MX40NTExMDE3Mn5-MTQxOTMxNjM0ODkzNH5CUk5PTjlCMC9wR1dRU0lJd1NYWFltQnJ-fg'),(233,226,6,'APA91bE9xi2XVeQcmdoGl50nrkUgxMpEYcJWBiIbeUie6dBPNMoovnhNgO-8Yv2VPGAHftJesZgoCFMxatcNjnaI_t1rt6h5kjfZScnds4V75adgakU2wD2LWWMB223ePcqvVg6Xo9vKKeuGJE0RYKUoKJ_OChUQTWsDXFZst213kiKqCXrx-G86-a33P2YmhkZl45c1E7-v',NULL,'2_MX40NTExMDE3Mn5-MTQxOTMxNzIxMzkxNH4zOFUwd1dnTGU0aUdTL1ptYW93ODEzL0t-fg'),(234,226,6,'APA91bE9xi2XVeQcmdoGl50nrkUgxMpEYcJWBiIbeUie6dBPNMoovnhNgO-8Yv2VPGAHftJesZgoCFMxatcNjnaI_t1rt6h5kjfZScnds4V75adgakU2wD2LWWMB223ePcqvVg6Xo9vKKeuGJE0RYKUoKJ_OChUQTWsDXFZst213kiKqCXrx-G86-a33P2YmhkZl45c1E7-v',NULL,'2_MX40NTExMDE3Mn5-MTQxOTMxNzM1MDQyNH5hdVVENUQydnpuZUdHSjlQRitYZ2hMN0l-fg'),(244,226,6,'APA91bErujvk2VP3-JulmkZveHnux4_clB_fNQ0pyXz08A1rmhPSIKtQXvUK53ZsFIGa3X9YTuBzlJeZ_603q_wttZGbaleWjZGCPSN2Vr0XVNgoHlLiKBV96DCO5CWk0aBuGjAu6XILEDupv4xPm79z330Y-eTn7jRxsVrOX_4-O_v5r8wZxvkRE9omzyC4X81QBAlB0nKa',NULL,'1_MX40NTExMDE3Mn5-MTQxOTMyNTMzMTQxOH5QQW9XbFNRUXUzZUdPTE1vRkUrSTZZRDZ-fg'),(245,56,3,NULL,NULL,'2_MX40NTExMDE3Mn5-MTQxOTM4NTQ1ODkwNn40OGVQZ09pWjhBdHAwU2lLMjBUbkJSRXR-fg'),(246,226,6,NULL,NULL,'1_MX40NTExMDE3Mn5-MTQxOTM4NTY3NjIyMH5QYjlhUktMOGZLalExYkNYdzg2V1QvWGZ-fg'),(247,226,6,NULL,NULL,'2_MX40NTExMDE3Mn5-MTQxOTM4NjE4MzkyOX5oblJuZlFSaCtBZzJPRmJ3VWVLdkovMkN-fg'),(248,56,3,NULL,NULL,'1_MX40NTExMDE3Mn5-MTQxOTM4NjYwMTc0N35vWVZNamxJYm9Ia3MrTVZhbWJCSzAvSGF-fg'),(249,226,6,NULL,NULL,'2_MX40NTExMDE3Mn5-MTQxOTM4NzEzMTIxNn5DYVBueU5FYUtCTEpiZ0xsZzhTRU1YN0J-fg'),(250,56,3,NULL,NULL,'1_MX40NTExMDE3Mn5-MTQxOTM5MDM5NTM5NH4vRlFYMVN3ckZRaGtVTzBEZ1U5ZExtdW5-fg'),(251,226,6,NULL,NULL,'2_MX40NTExMDE3Mn5-MTQxOTM5MDc0NDY3OH5kcXY4RGcyL3JqcjREZmx1WUtKY3BnYWJ-fg'),(252,226,6,NULL,NULL,'2_MX40NTExMDE3Mn5-MTQxOTM5MjMwOTUzN35GeVRPeFUyMDdlVUJnTDlEdEtZSkJxc0N-fg'),(253,56,3,NULL,NULL,'1_MX40NTExMDE3Mn5-MTQxOTM5MjQwMjg1Nn5taHd5L3VXYW1DL0dWOE1CTVBIck92ZWN-fg'),(254,226,6,NULL,NULL,'1_MX40NTExMDE3Mn5-MTQxOTQwMjcwNzYyN34yMk5hQUorR2ZpY3BvQ0lJZXN1ajRlUlR-fg'),(255,226,6,NULL,NULL,'2_MX40NTExMDE3Mn5-MTQxOTQwNDIxMDAyOX5waVRMU3Y0ZVlJQk5QY1FEVGRlcEVhOXB-fg'),(256,56,3,NULL,NULL,'1_MX40NTExMDE3Mn5-MTQxOTQwNjQwMzU2MX45WGFRa243a1FIcHZMeHlrRkR0QVpaSGJ-fg'),(257,226,6,NULL,NULL,'1_MX40NTExMDE3Mn5-MTQxOTQwNjYxMzE0OH5VUDV0Q2c3eVo5NVgxRVFlRHhFOE9kUUp-fg'),(260,226,6,'APA91bHTNROvxGTHB7q-4jv_LC0V2vFYD1tPsMpsK4SEQwN1o8x6caDK9unTF_LwTkkGAPC9yT34TagydD4FPb4TofBoE32HAEvTU7E8prGXhJPYeJIEnnxfKPpO-Nc7YjS2KgVuylHI4qOzHec-1rhDi-B0xQf3EMfqQpjdfYgr87EAAfQFZ4xP0wMhPcHKkxt5qtwPK_lj',NULL,'1_MX40NTExMDE3Mn5-MTQxOTQxMDE5NzU4Mn5kVXlRZnB4MUx0OFgxZ29BaUtBZWN3R3h-fg'),(261,56,3,'APA91bE4QxdMJvZbyVajYofob1au5t8bZcKf6rZsMsRI4BTVx96RE6ZI-8sAsvzkkTlo_jhIThrGeivQIO5JGH_7P2LFcPExf1zwqo-f4U6Ir5U1eOqlEWdvRu1nMhC9GOd1V6LoUYs6DqhabujsEbz4cYGjXgCanHhtvw3JOGFLi1e-FelrY5awG_kmsmkevh1GvT8pUxNb',NULL,'2_MX40NTExMDE3Mn5-MTQxOTQxMDY0OTIwNH5VeXNWZWRmWWdhSllpK0pWUFZTZWFJSWN-fg'),(262,56,3,'APA91bE4QxdMJvZbyVajYofob1au5t8bZcKf6rZsMsRI4BTVx96RE6ZI-8sAsvzkkTlo_jhIThrGeivQIO5JGH_7P2LFcPExf1zwqo-f4U6Ir5U1eOqlEWdvRu1nMhC9GOd1V6LoUYs6DqhabujsEbz4cYGjXgCanHhtvw3JOGFLi1e-FelrY5awG_kmsmkevh1GvT8pUxNb',NULL,'1_MX40NTExMDE3Mn5-MTQxOTQxMDcwMTQwM35LOXRnOGQ3cVdqZTh0a2Z6RVlSNktVWWl-fg'),(263,227,6,NULL,NULL,'2_MX40NTExMDE3Mn5-MTQxOTg3MDIwMDcyN35aVWxuSlJ4V1lyVkF5MjZXNkVVdVV0NjB-fg'),(264,226,6,NULL,NULL,'1_MX40NTExMDE3Mn5-MTQxOTg3MDIwMTg2OH5Fc3Flb251T3pJRHZVSGhGNTZUZGRIcWl-fg'),(305,227,6,'APA91bH3z7PYhH7doNARXS5Met0zjru-gQJ5rz4x_Mn7plKMVLxGf8UNl5Ywxsh3KOButiOGdBFZOm86QZ5Qt-XJJmm2nrphc_SueIicW6JfG08rvS22E213qWLq1o3I2LV25d50w0oc7wPqQzmB1DSzj_ijx57JHBU3dy8BEQxEPa4E2GN5pJTg8KeyDfex9JmZ1qG8fxo1',NULL,'1_MX40NTExMDE3Mn5-MTQxOTg4MTk0NjQzMX5wYVpJR01mSmIxeHRlL2hYT2VwZ0ppTnF-fg'),(307,226,6,'APA91bFIVNeKhD5b7zI-6082zkPOFZYHPEnRaNPZj7ieWZZ4tLNnHIHdpBEvUjujRuh_xVUMP-7O6Vpj4zXJBX2P_S0-cRv0iBj_w0ni7OjGkNWPzDPIa3YQk985srKkijMESgYXxyZlxrabneQgdzPAEyICN0xCFUVN91J3bVEiGF1-n0BGmIdQDiMRFxRpAxarwnh4KaMW',NULL,'2_MX40NTExMDE3Mn5-MTQxOTkwMzY1MjcyM35TTVhvdE9ZKzM2bDNKY2Y0TitFaHlDWXZ-fg'),(308,227,6,NULL,NULL,'2_MX40NTExMDE3Mn5-MTQxOTkwMzY2OTM0MH5ib0dJU2lCOFZsTnhmMCtlQW4xOElLZXd-fg'),(309,227,6,NULL,NULL,'2_MX40NTExMDE3Mn5-MTQxOTkwMzY3MTM5NH5sb1dCN2Y5SFN1Y21ZN3R2aDcrNER4cFF-fg'),(342,226,6,NULL,NULL,'1_MX40NTExMDE3Mn5-MTQxOTkxMTQ2MDYyOX5BeitmM3M2Y1V6ZGo1b0xkRmdweSs3OUN-fg'),(343,227,6,NULL,NULL,'1_MX40NTExMDE3Mn5-MTQxOTkxMTQ2NzYzM342UDhmYVVIS2VQT0FpMHdZSll0aVFQUlZ-fg'),(346,227,6,NULL,NULL,'2_MX40NTExMDE3Mn5-MTQxOTkxMTg3NTEzMH4zZ216V2REUFB2aHk2ZFZlOU45KzlEem1-fg'),(347,226,6,NULL,NULL,'2_MX40NTExMDE3Mn5-MTQxOTkxMTk0MjI3Mn5nMjQrSU14WDNPaFRTejRlMnFRNFJzY0t-fg'),(362,56,3,'APA91bEAzKvXK1qRMTeCuKU__vt0rrLuyyx4_e0xKUMpQiWKxXfNGpx9P5Tuj8628nK9PTOGtAQQ3hbmxHaVQMM1iZnkBl2xCqEljlgwWpilLbGz-ZMmGgYL43HYIk-bMa6Or7vHQ5yEkja3la1vye3UhMXoeRnN_oIoG0V0cet5f0_TV4rKzLyMRL9lngKalTMo-a20zBw-',NULL,'2_MX40NTExMDE3Mn5-MTQxOTkyMzEyMTcxOH43OXU0cGpDczYwck0yYXBtOXNaM2FBMld-fg'),(370,227,6,'APA91bFtNwkM3zDdngfY3FO2J_G48zIWQ0Vifi-XdARULFHXVy6Eur26U4xBMVZ6olSY5ltnqe35HQZJ7FL9Qy0Xl_QviIqacajZklx8ySbguzCfibZ1K2SU7TvQKuz7B5EY6XntqtbxfUTLPjV8-DMMICovhfgDnKyoY9g7vSMMkwC3RnEY5vNWJtRFZ3KsCrVC-wOUYK34',NULL,'1_MX40NTExMDE3Mn5-MTQxOTkyNDA4MTUyOH5XdU8wdkc2OFM0S0xIbEhrMStiS09LWXh-fg'),(374,227,6,'APA91bFtNwkM3zDdngfY3FO2J_G48zIWQ0Vifi-XdARULFHXVy6Eur26U4xBMVZ6olSY5ltnqe35HQZJ7FL9Qy0Xl_QviIqacajZklx8ySbguzCfibZ1K2SU7TvQKuz7B5EY6XntqtbxfUTLPjV8-DMMICovhfgDnKyoY9g7vSMMkwC3RnEY5vNWJtRFZ3KsCrVC-wOUYK34',NULL,'2_MX40NTExMDE3Mn5-MTQxOTkyNDM5MjgwNX5na0lUMTBUWHFUN0NyUjJackZEYTdrN2h-fg'),(381,56,3,NULL,NULL,'2_MX40NTExMDE3Mn5-MTQyMDQyNDM4MTI3OH5zUXMrZWY4NExzUG5CWklsenFuN2J5Y2F-fg'),(387,227,6,'APA91bE6x00YePpVEti886Oqb5wcCHvswdbhoBVZMtY-Dprr1-NsNvP05Vp59KfhMOfbtTrGVSIktGHPQCxbEEjJZC4uPWMxLKdRAzQf5EsLI6m7B_3hgCinN_x0mthRC-Flav4t_EYYPHYjMpetN2-OW7KTC1tMQX9tUvHnreluNhNG8DSjpm7ba4iK7tB5CFGK3PF-yQNC',NULL,'2_MX40NTExMDE3Mn5-MTQyMDQyODMyMjA2MX5STXY4T0J2Y1E5dXFNeXlUald2ZEF2RE1-fg'),(401,227,6,'APA91bGfdu_5kpILSAjc8z2R--yROmomdAyRtM_k3jw83XaD0d1wORYQDRl6gJPalko76P6v11LT-nC_NavizBIz5vGj1CdU1rQE4JEsvuEi80kTrU1dgwBdLUNV6Xeoj6ldvijCJNqtUFz4e1aujjUtbC8eDI0awZWRpUDACjGuaYxPQKmSAMKUmPKESgLivf8VB16EeP-O',NULL,'1_MX40NTExMDE3Mn5-MTQyMDQ1MTgyMzU2MH5yVWppb2p5K0JGd0xHY1kvdkJRVHc0UEV-fg'),(410,10,4,'APA91bGAxCGqyeq_vE9HSTdDMxyiLtCgO7x5rf75Mp6zExTI2SKEvAA6oLuRQTRaPRT_Hl5CmC6pEB3ePJsc0mORiEL_hNJe2Pkobo_8KnCHxH6yGBJu2RQsR87Tpy0q_mf1OuU983kyM2l4ofTpB0V3IFXZaVMXWAIKNqVRtK8oWzDIL3jXOFgcfjwsTV0VonSktl5RiZoe',NULL,'1_MX40NTExMDE3Mn5-MTQyMDU5NDE2MTk5Nn5TblhnN2U0U2hWNTlab29qQ054aUgzVkZ-fg'),(411,226,6,'APA91bGAxCGqyeq_vE9HSTdDMxyiLtCgO7x5rf75Mp6zExTI2SKEvAA6oLuRQTRaPRT_Hl5CmC6pEB3ePJsc0mORiEL_hNJe2Pkobo_8KnCHxH6yGBJu2RQsR87Tpy0q_mf1OuU983kyM2l4ofTpB0V3IFXZaVMXWAIKNqVRtK8oWzDIL3jXOFgcfjwsTV0VonSktl5RiZoe',NULL,'2_MX40NTExMDE3Mn5-MTQyMDU5ODQ0NDUxN341Y1NqQXJHMGNBMStUanlkZHZqbVgzcGh-fg'),(412,56,3,NULL,NULL,'1_MX40NTExMDE3Mn5-MTQyMDYwMzE4NDMxNH5UUDlmTUNqTTFEZERnK0cySHh0TnE4bWp-fg'),(413,226,6,'APA91bH45XZ7Xd75yCy7u9Ba34CgPw05A7A4UlgBCB1FP1cepZBI062cPLKJXuI-uINJF7VYZ4p6v5bJwCuoFixGhj--mvkKt1Na-jKCCT3_oDdaJo8W14vZjGVcyKGcfXdokH6EDsSr8Xih3cGGwKaEI_RM75uHPt6y7N5TZX-DbuopcSsOmf_kzmQl2HFJjXJOu1_pgQ-F',NULL,'1_MX40NTExMDE3Mn5-MTQyMDYwMzMyMTMxNH50ays4MjBzQ0NOaDUvRm9iQ0JXUHBKUWV-fg'),(414,226,6,'APA91bH45XZ7Xd75yCy7u9Ba34CgPw05A7A4UlgBCB1FP1cepZBI062cPLKJXuI-uINJF7VYZ4p6v5bJwCuoFixGhj--mvkKt1Na-jKCCT3_oDdaJo8W14vZjGVcyKGcfXdokH6EDsSr8Xih3cGGwKaEI_RM75uHPt6y7N5TZX-DbuopcSsOmf_kzmQl2HFJjXJOu1_pgQ-F',NULL,'1_MX40NTExMDE3Mn5-MTQyMDYwMzgxNzE0MH5LNFZKWVJnL3pjTCtYRXl1N3ZKbVo2Nzd-fg'),(415,226,6,'APA91bH45XZ7Xd75yCy7u9Ba34CgPw05A7A4UlgBCB1FP1cepZBI062cPLKJXuI-uINJF7VYZ4p6v5bJwCuoFixGhj--mvkKt1Na-jKCCT3_oDdaJo8W14vZjGVcyKGcfXdokH6EDsSr8Xih3cGGwKaEI_RM75uHPt6y7N5TZX-DbuopcSsOmf_kzmQl2HFJjXJOu1_pgQ-F',NULL,'2_MX40NTExMDE3Mn5-MTQyMDYxNjA0OTU5NX5oMXZFaHR0YUVMYUtjenRxaWhIWnVDbHV-fg'),(416,56,3,NULL,NULL,'1_MX40NTExMDE3Mn5-MTQyMDYxNjA5MzUzNX5CalFKTHEzZjVmbCt1WkszVUYrTU9aU0F-fg'),(417,227,6,'APA91bEuRTU1D8hz7PnhfFtnsJTMhhRLpXu0VCHhYv-y9vsMfTNN--WZilT4YstNZ9we0yfKvOp131GgaaRd9UaFmVtJkNU81GqXV36g6dNVLGtD87n-T6iXip29xFZ_5TQDzBNV354CGJyUzgOSNdkI2px3wk3ziP_aIrwvuP-e9-dZ2GbADFLuukZxlC8lChruvlyPykHz',NULL,'2_MX40NTExMDE3Mn5-MTQyMDYxNjMzMzEwMn5xZ2c1RjFsWTk2NDlDQWtrd2dVUkNiZ3N-fg'),(418,226,6,'APA91bEBWIchJGeDAt95HwK8PDcWeCcjF-U89aagNbE0pIhd5NXebISWBdCGS0neszIBUohWFUXBHmMOTzav0g-_VvSqJ6jVJNj8X73SwvSVj53PujKjr0tecqHKn930zPAMOc7k6aLKyvBVYEneG13qde0tflIczrtvy0vb3zqYQLAY7U75-UZBROFjUztuQQazXk50lPdH',NULL,'2_MX40NTExMDE3Mn5-MTQyMDcwMTg4MzY0N356ejU3T2lWZ3h2YjR2MDg1Z3ZMajBUbmV-fg'),(419,227,6,'APA91bFtNwkM3zDdngfY3FO2J_G48zIWQ0Vifi-XdARULFHXVy6Eur26U4xBMVZ6olSY5ltnqe35HQZJ7FL9Qy0Xl_QviIqacajZklx8ySbguzCfibZ1K2SU7TvQKuz7B5EY6XntqtbxfUTLPjV8-DMMICovhfgDnKyoY9g7vSMMkwC3RnEY5vNWJtRFZ3KsCrVC-wOUYK34',NULL,'2_MX40NTExMDE3Mn5-MTQyMDcwMjAzMDU0MH51bk1PWjE3YkhCTUU5Vm15bEhRQ1VVb2N-fg'),(420,226,6,NULL,NULL,'1_MX40NTExMDE3Mn5-MTQyMDc3MjM3ODA3N344c0l1LzlRVnZ3RkVaRHZBdldnTTdNdzB-fg'),(422,227,6,'APA91bGnvBG5O21-ZJuD4Hhdg02c_tpCMDODt6xPsm6Kdcj_weQSr9bARQf2VbpUWCsJEy_Ir1-8pIIbcjasq4xJwE96V0J-x0c4ZOEVQqCWxpTS1tMzxI86ma8_HOI5COLmV2eWdm6Gndy_Gtkh4fGIyN9vHKh0mNoJ5igkLKaN8-WPEztvTJisgmUND5OblezPSa6WrRfy',NULL,'2_MX40NTExMDE3Mn5-MTQyMDc3MzQ0NzA1MH5sUmFsZkVwa08wNmgwNHJPTEQ2MWNYdy9-fg'),(425,56,3,NULL,NULL,'1_MX40NTExMDE3Mn5-MTQyMTA1Nzc1MzkyNH5renhRWHZvRzNOYys4b3NRUzlnTk5JNGl-fg'),(429,227,6,'APA91bFtNwkM3zDdngfY3FO2J_G48zIWQ0Vifi-XdARULFHXVy6Eur26U4xBMVZ6olSY5ltnqe35HQZJ7FL9Qy0Xl_QviIqacajZklx8ySbguzCfibZ1K2SU7TvQKuz7B5EY6XntqtbxfUTLPjV8-DMMICovhfgDnKyoY9g7vSMMkwC3RnEY5vNWJtRFZ3KsCrVC-wOUYK34',NULL,'2_MX40NTExMDE3Mn5-MTQyMTA3MTM5ODI4NX5tUkhlYUhIQjUxRCtzOGwvTFI1VkFRTlR-fg'),(431,56,3,'APA91bFX0hAolLFaFMbST0CQYA7RwcP_hp4cU8zy-a9w-nD19GWdiQlNyZd1gN4-FfN3UqCDk-oRgqZ4Fc5igLavMyQMhD_LkBsKui5CIouEcxhm7dxiSydx8HeOyQ-mNv3peJP2E_WIiE6lZFMmb1usy5iZ04_gt1Hars_kOKM4zoe3543yuYraaHC4E8iX-i8evt4zeN9r',NULL,'2_MX40NTExMDE3Mn5-MTQyMTA3MjEyMDIwNn4zVER4bWpobXUxcVhPM1ZCOG1la1JMQmp-fg'),(436,226,6,NULL,NULL,'1_MX40NTExMDE3Mn5-MTQyMTExNTMxMDc2M35JSkd2Uy81K25TRHVaZVRIeGFxYUw2cHp-fg'),(439,227,6,NULL,NULL,'2_MX40NTExMDE3Mn5-MTQyMTExNTU2NjgzOX5BU0g4blRGUFVFbmZZeFBWNU1YdDl1RVF-fg'),(442,56,3,NULL,NULL,'2_MX40NTExMDE3Mn5-MTQyMTExNjE3NzU0NX5sdHdPQlI2QzRlVWQ5dkowV3dCRFYra3l-fg'),(443,56,3,NULL,NULL,'2_MX40NTExMDE3Mn5-MTQyMTExNjE4MjI0MX5Dc1JiK280K09qbklHSnk2WDM4Vi94UGZ-fg'),(444,56,3,NULL,NULL,'2_MX40NTExMDE3Mn5-MTQyMTExNjM5NDAzM35CNVg0Vm45bjRmT2IvZmxNYjJpQlU5dHR-fg'),(445,56,3,NULL,NULL,'1_MX40NTExMDE3Mn5-MTQyMTExNjUwMjE4MH5TVHV5TC9pUDZlSWVVT1FWZkR1RjgwZUN-fg'),(446,56,3,'APA91bGnvBG5O21-ZJuD4Hhdg02c_tpCMDODt6xPsm6Kdcj_weQSr9bARQf2VbpUWCsJEy_Ir1-8pIIbcjasq4xJwE96V0J-x0c4ZOEVQqCWxpTS1tMzxI86ma8_HOI5COLmV2eWdm6Gndy_Gtkh4fGIyN9vHKh0mNoJ5igkLKaN8-WPEztvTJisgmUND5OblezPSa6WrRfy',NULL,'1_MX40NTExMDE3Mn5-MTQyMTExNjU2MDIwMX51eE9UcnNITU45bnRFVWMwbXJmMUMzdmx-fg'),(447,56,3,'APA91bGnvBG5O21-ZJuD4Hhdg02c_tpCMDODt6xPsm6Kdcj_weQSr9bARQf2VbpUWCsJEy_Ir1-8pIIbcjasq4xJwE96V0J-x0c4ZOEVQqCWxpTS1tMzxI86ma8_HOI5COLmV2eWdm6Gndy_Gtkh4fGIyN9vHKh0mNoJ5igkLKaN8-WPEztvTJisgmUND5OblezPSa6WrRfy',NULL,'1_MX40NTExMDE3Mn5-MTQyMTExNjY2MDI2MX5LQnVGNmJnZFp4dnBaSGJxcU11TkhuNXp-fg'),(448,226,6,NULL,NULL,'2_MX40NTExMDE3Mn5-MTQyMTExNjg1NzkzMH5ROWZiMmdzakQ2UVBRNk9zVWRMcFY4S2l-fg'),(449,226,6,'APA91bGnvBG5O21-ZJuD4Hhdg02c_tpCMDODt6xPsm6Kdcj_weQSr9bARQf2VbpUWCsJEy_Ir1-8pIIbcjasq4xJwE96V0J-x0c4ZOEVQqCWxpTS1tMzxI86ma8_HOI5COLmV2eWdm6Gndy_Gtkh4fGIyN9vHKh0mNoJ5igkLKaN8-WPEztvTJisgmUND5OblezPSa6WrRfy',NULL,'2_MX40NTExMDE3Mn5-MTQyMTExODM3ODc3MX5BaVR5Z1NDZzIwT29rdXhFREU5VjMxY3l-fg'),(450,226,6,'APA91bGnvBG5O21-ZJuD4Hhdg02c_tpCMDODt6xPsm6Kdcj_weQSr9bARQf2VbpUWCsJEy_Ir1-8pIIbcjasq4xJwE96V0J-x0c4ZOEVQqCWxpTS1tMzxI86ma8_HOI5COLmV2eWdm6Gndy_Gtkh4fGIyN9vHKh0mNoJ5igkLKaN8-WPEztvTJisgmUND5OblezPSa6WrRfy',NULL,'2_MX40NTExMDE3Mn5-MTQyMTExODM3ODc5M35WQ3BlS2dOMEMwZkFCNXN6aFdmUGpNUDB-fg'),(451,227,6,NULL,NULL,'2_MX40NTExMDE3Mn5-MTQyMTExOTE1MDEyOX5nUEUwc3hkVkxUWHpoR1J1YnlTMS9OWHJ-fg');

/*Table structure for table `user_type` */

DROP TABLE IF EXISTS `user_type`;

CREATE TABLE `user_type` (
  `ID` int(11) NOT NULL AUTO_INCREMENT,
  `user_type` varchar(50) DEFAULT NULL,
  PRIMARY KEY (`ID`)
) ENGINE=InnoDB AUTO_INCREMENT=7 DEFAULT CHARSET=utf8;

/*Data for the table `user_type` */

insert  into `user_type`(`ID`,`user_type`) values (1,'ERP'),(2,'RediMed'),(3,'Company'),(4,'Doctor'),(5,'Nurse'),(6,'Driver');

/*Table structure for table `users` */

DROP TABLE IF EXISTS `users`;

CREATE TABLE `users` (
  `id` int(11) NOT NULL AUTO_INCREMENT,
  `user_name` varchar(50) DEFAULT NULL,
  `password` varchar(500) DEFAULT NULL,
  `company_id` int(11) DEFAULT NULL,
  `user_type` int(11) DEFAULT NULL,
  `result_email` varchar(1000) DEFAULT NULL,
  `invoiceemail` varchar(1000) DEFAULT NULL,
  `PO_number` varchar(50) DEFAULT NULL,
  `Booking_Person` varchar(50) DEFAULT NULL,
  `Contact_number` varchar(50) DEFAULT NULL,
  `isProject` int(11) DEFAULT NULL,
  `isCalendar` int(11) DEFAULT NULL,
  `isAll` int(11) DEFAULT NULL,
  `isEnable` int(11) DEFAULT NULL,
  `Contact_email` varchar(50) DEFAULT NULL,
  `Report_To_email` varchar(50) DEFAULT NULL,
  `isMakeBooking` int(11) DEFAULT NULL,
  `isBooking` int(11) DEFAULT NULL,
  `isPackage` int(11) DEFAULT NULL,
  `isPosition` int(11) DEFAULT NULL,
  `isSetting` int(11) DEFAULT NULL,
  `Created_by` int(11) DEFAULT NULL,
  `Creation_date` datetime DEFAULT NULL,
  `Last_updated_by` int(11) DEFAULT NULL,
  `Last_update_date` datetime DEFAULT NULL,
  `isDownloadResult` int(11) DEFAULT NULL,
  `isAllCompanyData` int(11) DEFAULT NULL,
  `isAdmin` int(11) DEFAULT NULL,
  `isReceiveEmailAfterHour` int(11) DEFAULT NULL,
  `function_id` int(11) DEFAULT NULL,
  `function_mobile` int(11) DEFAULT NULL,
  `function_taskFlow` varchar(100) DEFAULT NULL,
  `employee_id` int(11) DEFAULT NULL,
  `img` longtext,
  `HAVE_BELL` int(11) DEFAULT '0',
  `HAVE_LETTER` int(11) DEFAULT '0',
  `HAVE_CALENDAR` int(11) DEFAULT '0',
  `isREIAdmin` int(11) DEFAULT '0',
  PRIMARY KEY (`id`)
) ENGINE=InnoDB AUTO_INCREMENT=228 DEFAULT CHARSET=utf8;

/*Data for the table `users` */

insert  into `users`(`id`,`user_name`,`password`,`company_id`,`user_type`,`result_email`,`invoiceemail`,`PO_number`,`Booking_Person`,`Contact_number`,`isProject`,`isCalendar`,`isAll`,`isEnable`,`Contact_email`,`Report_To_email`,`isMakeBooking`,`isBooking`,`isPackage`,`isPosition`,`isSetting`,`Created_by`,`Creation_date`,`Last_updated_by`,`Last_update_date`,`isDownloadResult`,`isAllCompanyData`,`isAdmin`,`isReceiveEmailAfterHour`,`function_id`,`function_mobile`,`function_taskFlow`,`employee_id`,`img`,`HAVE_BELL`,`HAVE_LETTER`,`HAVE_CALENDAR`,`isREIAdmin`) values (1,'Company2','$2a$10$/nzC7/Zoatazoixg26TdaufjhxnW8sxfNPSPx3eyJCmcbw/jp5rWG',1,3,'Robin@latrobe.com','Robin@latrobe.com','POC2','Robin Bell','000',0,0,1,1,'noreceiptpnguyen@redimed.com.au',NULL,NULL,NULL,NULL,NULL,NULL,NULL,NULL,3,'2014-05-16 09:14:37',NULL,1,NULL,NULL,NULL,NULL,NULL,NULL,NULL,0,0,0,0),(2,'redimed','$2a$10$Of1xsWsznmZzzQljaMFXdeiNODY/gUinHy61BNQNcogfQsUd8yAX.',12,3,NULL,NULL,NULL,NULL,NULL,0,0,1,1,'1',NULL,0,0,0,0,0,3,'2014-05-17 23:43:52',3,'2014-05-17 23:45:00',0,1,0,0,NULL,NULL,NULL,NULL,NULL,0,0,0,0),(3,'Admin','$2a$10$BL.sICGVJTP64tqdVih9De9zuSHbakClVTfODnTRfCCHzOl5.xFxu',112,2,NULL,NULL,NULL,NULL,NULL,0,0,1,1,'pnguyen@redimed.com.au',NULL,NULL,NULL,NULL,NULL,NULL,NULL,NULL,3,'2014-06-03 22:22:12',NULL,1,NULL,NULL,NULL,NULL,NULL,NULL,NULL,0,0,0,0),(4,'ACC','$2a$10$aDDh0hia8Z7Zy6dLmVLlMO1XswI9Bzl00eq/4gR2B5lTUp9jv.Xjy',NULL,1,NULL,NULL,NULL,NULL,NULL,0,0,1,1,'ACC',NULL,0,0,0,0,0,31,'2014-05-21 12:29:19',4,'2014-07-03 14:58:14',0,1,0,0,NULL,NULL,NULL,NULL,NULL,0,0,0,0),(5,'INV','$2a$10$JzkedrEPkD5SUd/8x//O2OalJxh1kBhVDAdTwHviQsj/ZpfqEKmPK',NULL,1,NULL,NULL,NULL,NULL,NULL,0,0,1,1,'INV',NULL,0,0,0,0,0,31,'2014-05-21 12:34:41',31,'2014-05-21 12:35:03',0,1,0,0,NULL,NULL,NULL,NULL,NULL,0,0,0,0),(6,'emp1','$2a$10$SEwv2BURay/HrNC2xb4pHONth6p/gV3SAr4OVqc7UzKxdpCzuVkw6',NULL,1,NULL,NULL,NULL,NULL,NULL,0,0,1,1,'emp1@',NULL,0,0,0,0,0,31,'2014-05-22 09:33:53',31,'2014-05-22 09:34:33',0,1,0,0,120,NULL,'/WEB-INF/Employee_TimeSheet.xml',8,NULL,0,0,0,0),(7,'Patient','$2a$10$1ZBMUamBnIl891EEmHWU9u6MKgEztU0yFhJGlyaf6ZIh86vdxXMvO',1,1,NULL,NULL,NULL,NULL,NULL,NULL,NULL,1,1,'Phuong_thql@yahoo.com',NULL,0,0,0,0,0,31,'2014-01-15 15:25:49',31,'2014-01-16 09:44:49',NULL,NULL,NULL,NULL,NULL,NULL,NULL,NULL,NULL,0,0,0,0),(8,'TelehealthAdmin','$2a$10$AMIsGvW66v99Ohb2gP5rvuq7SFDx6i/mIK8V2ohCdPpc5xPv8CytS',NULL,1,NULL,NULL,NULL,NULL,NULL,NULL,NULL,1,1,'Pnguyen@redimed.com.au',NULL,0,0,0,0,0,31,'2014-01-15 15:26:56',31,'2014-01-15 15:27:18',NULL,NULL,1,1,NULL,NULL,NULL,NULL,NULL,0,0,0,0),(9,'Doctor','$2a$10$AMCKAzDJwuT9xnOpIbx9heerg6ABJycVgTJ8UiOg6hqz.ib4NTaBC',NULL,4,NULL,NULL,NULL,NULL,NULL,NULL,NULL,1,1,'22',NULL,0,0,0,0,0,31,'2014-01-15 15:27:45',31,'2014-01-15 15:28:02',NULL,NULL,NULL,NULL,NULL,NULL,NULL,NULL,NULL,0,0,0,0),(10,'drhanh','$2a$10$z32XnBvhBkpoDSwOSbeRYeQ9ZBlM1ir5J1ddWCAab7mU6o01Vjrw6',1,4,NULL,NULL,NULL,'Dr Hanh Nguyen','555-555-5555',0,0,0,1,'drhanh@redimed.com.au',NULL,0,0,0,0,0,72,'2014-01-16 02:28:37',31,'2014-11-11 05:53:47',0,1,0,NULL,24,NULL,NULL,NULL,'data:image/jpeg;base64,/9j/4QAYRXhpZgAASUkqAAgAAAAAAAAAAAAAAP/sABFEdWNreQABAAQAAABGAAD/4QMraHR0cDovL25zLmFkb2JlLmNvbS94YXAvMS4wLwA8P3hwYWNrZXQgYmVnaW49Iu+7vyIgaWQ9Ilc1TTBNcENlaGlIenJlU3pOVGN6a2M5ZCI/PiA8eDp4bXBtZXRhIHhtbG5zOng9ImFkb2JlOm5zOm1ldGEvIiB4OnhtcHRrPSJBZG9iZSBYTVAgQ29yZSA1LjAtYzA2MSA2NC4xNDA5NDksIDIwMTAvMTIvMDctMTA6NTc6MDEgICAgICAgICI+IDxyZGY6UkRGIHhtbG5zOnJkZj0iaHR0cDovL3d3dy53My5vcmcvMTk5OS8wMi8yMi1yZGYtc3ludGF4LW5zIyI+IDxyZGY6RGVzY3JpcHRpb24gcmRmOmFib3V0PSIiIHhtbG5zOnhtcD0iaHR0cDovL25zLmFkb2JlLmNvbS94YXAvMS4wLyIgeG1sbnM6eG1wTU09Imh0dHA6Ly9ucy5hZG9iZS5jb20veGFwLzEuMC9tbS8iIHhtbG5zOnN0UmVmPSJodHRwOi8vbnMuYWRvYmUuY29tL3hhcC8xLjAvc1R5cGUvUmVzb3VyY2VSZWYjIiB4bXA6Q3JlYXRvclRvb2w9IkFkb2JlIFBob3Rvc2hvcCBDUzUuMSBXaW5kb3dzIiB4bXBNTTpJbnN0YW5jZUlEPSJ4bXAuaWlkOkI0MEJCMEIyREM2RDExRTJCNDc2RkFBNzA5NDk2NEI4IiB4bXBNTTpEb2N1bWVudElEPSJ4bXAuZGlkOkI0MEJCMEIzREM2RDExRTJCNDc2RkFBNzA5NDk2NEI4Ij4gPHhtcE1NOkRlcml2ZWRGcm9tIHN0UmVmOmluc3RhbmNlSUQ9InhtcC5paWQ6QjQwQkIwQjBEQzZEMTFFMkI0NzZGQUE3MDk0OTY0QjgiIHN0UmVmOmRvY3VtZW50SUQ9InhtcC5kaWQ6QjQwQkIwQjFEQzZEMTFFMkI0NzZGQUE3MDk0OTY0QjgiLz4gPC9yZGY6RGVzY3JpcHRpb24+IDwvcmRmOlJERj4gPC94OnhtcG1ldGE+IDw/eHBhY2tldCBlbmQ9InIiPz7/7gAOQWRvYmUAZMAAAAAB/9sAhAAEAwMDAwMEAwMEBgQDBAYHBQQEBQcIBgYHBgYICggJCQkJCAoKDAwMDAwKDAwNDQwMEREREREUFBQUFBQUFBQUAQQFBQgHCA8KCg8UDg4OFBQUFBQUFBQUFBQUFBQUFBQUFBQUFBQUFBQUFBQUFBQUFBQUFBQUFBQUFBQUFBQUFBT/wAARCAEsAPoDAREAAhEBAxEB/8QAsgAAAQUBAQEBAAAAAAAAAAAAAAMEBQYHCAIBCQEBAAMBAQEAAAAAAAAAAAAAAAECAwQFBhAAAgEDAgMEBwMKAwYFAwUAAQIDABEEEgUhMQZBUSITYXGBoTIUB5FCI7HB0VJicoIzFQiiQ1Pw4ZJzJBaywmODVNKTZDQlNhcYEQEAAgICAQMCBQMBBwUAAAAAAQIRAyExEkFRBGETcZHBIjKx0QWBoUJSYnKiI/Dh8WMU/9oADAMBAAIRAxEAPwDv6gKAoCgKAoCgKAoCgKAoCgKAoCgKAoCgKAoCgKAoCgKAoCgKAoCgKAoCgKAoCgKAoCgKAoCgKAoE5Z4IBqmkWNRzLsFHvoIWXrfo2FmSXqDbkdODIcqHUD3W1XqMwPeN1h0tlzCDG3jElmY2VFlW5Po48aZhGUxHLFMNUTq696kH8lSl7oCgKAoCgKAoCgKAoCgKAoCgKAoCgKAoCgKAoCgKAoCgi+oOo9k6V2yTeOoM6LA26IqhmmYKC7nSqi/Mk8hUTOBy19S/7ycCCKTbvp/iSz5hd42y8hViQAcNSNd7m/o9tVyjlzVv31Q+pnVMuTlbvvU8cORxMYyWCqt7qulCLgHlqNMHCojeNxxZhLNkO80ZDidn02YWsVtZuFR0nCSxvqB1DgRuuDu+SscjaniSZ0RgeLHS7MtyfTUJws/T315+oHT+XFkJucuPqbhK7PIoQm920sSVvzFDDqL6U/3abdv8+JsnWeKMDcJ5BEm4o4OLKDw1+LihBtdDfhxB4WqYv7ow6NfqTYY1jdtxg0SqrxuJFKsr8iCDbjer5gfcTqPYM5/Lw9zxZpf9NJkLf8N70zAkgQRcG4qR9oCgKAoCgKAoCgKAoCgKAoCgKAoCgKAoCgKDHfrB/cL0r9LUk2yADd+rdPh22JrRwahdWyHHw9+geI+jnVZslwt1x9TurfqPusmf1Fuff5UF9UUKEk6YorhU9ZN+81XCFNfKwoW83zg8qm+ssp9wAFW4gR24bgcpDqypJbcVA+Ee02AHqFRMrRCDkklcm0kakcTqcm/p4C1UytggwzLkK6kAcdDEA1GU4fY58+BTw1Rk8VPEX9FuXrFMniVk3LJKKY2KgWLJ6RwuPVahhdNo+qPUWLtX9Ii3GeDFDamEUjKW4EWIvysbWquDCV2vr3cscj5PcpMeU8QA+luItyB7jxq8KTDY+gP7m+uump4oMzJTetvMiq+Jk8HZeREcg+E93hqeYVdk9BfVTpT6g4kcm1zNi7kyB5NrzB5WSoN/EoPB14GzJerxbIu1WBQFAUBQFAUBQFAUBQFAUBQFAUBQFAUGP/X36zYn0s6e+VwW8zqzdI3Xbol0kwLbT8w6kG4B4KLeI+o1WZH5x71ve47tmz52dK82VkOZJp5HJJZjxLOeZ9VUTEK3lZhb8KBgq8gFHO/aSeZ+2oXiHvD2TMzW4g27QTp97WqlrxHbStJnpNHpXKAVXhCwk8CT5jW+wD7KyndE9NvsTHaQx+jZZAFxoCxa4JC3AYcwR9tZztWjUmtu+n+5TlJxigaPCyn0cjWc7oaRplJ5XRDmFoPlw0vCRVReOo35G3IHsqPvQv8AYlV9z6KeGESvj2AsCQOTcdQNXrtZ21YU7O6byYJG8lSUvYW5emt42Q551yi8g5uL+FOGjX0/D/vrWJiWc1w+4m6zRScXZlPNRyt7auzw2f6TfV7eugN1w8vHX57ZfNU522SgXaK9mEcnAo1iSvG1/bRWYy/S7pDqjZusunsLqLp/K+c2vMTVDKeDgjgySDsdT4WFaROUJ2pBQFAUBQFAUBQFAUBQFAUBQFAUBQMN73jB6f2jO3zc5PK2/b4JMnJk7o4lLG3p4cKiZwPy7+q/1Ezevur9y6mzHZRkvaCBm1CDHjGmOPgBwA9/fWaWX5M2TuM4gQlYybBeLN/uqJlpEL50N9M9w6hyU+VULjIR5+Ta/P7q95HaRwHKuLb8iKfi79Hxp2fg3za/o/teJDYwmaRRwaXxAHvsK8y2+9uXrV+PSvCew/pTtjyebKgRv9NGa32HgKiL2TOqqw43Qe1YQ148CxP97ub11SbWlrXVWD5emsFEKiBFuOVv0VXlfxg0m6ZxWJOgAdlgKjMrTSETuHSODNGVMYtxJGleJ+ykXmGc64lVtw+nO3T+Ly1uvFbAD81aRtlnbRVUt/8ApnteViPA0Kt4bAkcQa1pumJc19MYc7dYdG5fTWWxQF8QmyPzt6DXr6tsWh5G3TNZ+hhs2TIsmh2up4CzD/w3410uWXYv9nH1DbaeqMzoHMyCuNu6jJ21He0InhB8xAD951IKkc9NjUxxKjucG4B5VcfaAoCgKAoCgKAoCgKAoCgKAoCgKDnP+8TrpOnvp3H0riT6d36imVWhU+L5LHOuQ+ouEX7apb2TD8+p5migDNoCueem8kjDh4e4D9aqTK8QtX046Lyeo9yifyScXV441PF+8M3D3GuLft8Yd3x9PnLsjpTpLH2nAix4IhCLC+my+wW7K8fm05l78RFYxC4QYUMScFHAc61wpk4+XUgG1/TVsIiXhoRyt7qjC8SbSxBfTVZhaDCddPEEeispbRCMyNLDxCxqifFFzLZSv2VBhWN9AEbWHi/LVqy571ZH1Vt2NuOPLDKgOoHgRXbrtMODZWJYHvWzNteU0Nvw2P4Z7x3WNvca9fXfyh42zX4ysHTO+7ns267Zu23TCHdNvmTI23JNmCyxG4VtQ5j09lbOeYfq79NesYOvuh9l6shXy23HHD5EPD8PIQmOZOBPJ1b2VeELXUgoCgKAoCgKAoCgKAoCgKAoCgKD88v7q+ppN9+q+5QPxx9khj2zFQk2XSoklb0Fncj2CspnlMOdJVOVmKrEm50KOwAcAAB2Cs7N6uvfoZ0nDt20xZbp43W4JHA34348a8XfbNnvfGp41bnDFpsAAB3VnDomToRhuA5DnW0Qzy9FGC+H2XqZgiTWQmxubW7uNZzDaDGZhzvzqktYgyl1PY8u701SYaxiEVlKwJ7u6sZhpCJyTpswPfwqMowrO8SF0a3A25UhnaGYb01vMDDiONdlJefsqzjqTbUzsWQqoMieJbgH8tdmq/jLzt1MwpUMZCMx4aPjHE3A5MD3j8lepDyph25/ZH1y+RDvnQmZLqaPTuuCGJPBgscoUcrE6Wq0Tyo7Bq4KAoCgKAoCgKAoCgKAoCgKAoEcvKhwcSfNyG04+NG80rdyRqWY/YKSPyn663vI6h3zeuo82VnmzsqXIctzJkcsBYfqqQBWMdLwqmxQPlbxBGQLl1AU8lAPC9Y7Om+uOXevQ2KsW1QLazCNQRa1vDXhTzL6Ks8Lmq2AHf21pEK2k7VAAAOA7a2hnkoqK3Mc61iMomcGO4IqeG/E1nsjDfVaZQebdBoHGua3DspOSHmBY7E39NE45MZWEilieXL11nMNOkNmaDdV587dlZSthTd1fx6Ab86iGdme9QrpDN2cb+quikuDapthJG4PPiONdOXHMKJn4cmJlyvA2pSdRjI5ceYr1dNs1eTuriWy/wBqG9jaPrNsUWspDuSZOCy9/mxl0U+pkreO3LL9Jq0BQFAUBQFAUBQFAUBQFAUBQFBV/qRJ5X0/6nc3sNsy76TpPGFhzqtukw/K3e5D5rqRZSxcjuVeRPtvWa0JL6bYDTdQYsk6akkk1kd55gHuF7CsN38XVp/k7g6VCLt8KqOAAF+fv7a8KO30URwtUbXHHutXRDC0clVa4terQT2WV/Cey3LhzrSsqTHJllNe7HjbjY+iq2lrSFZz8nx879gvXPMvSpTgzaQstgOXb7+FQv4m6yWUg/Dc1C01Q2ZKTr0gn9IrGU4VTcoG1tITYH7fbWbO0KH1BpZGXmTf7a3o8/apJ8KG/YSG/TXTlxSqm8BfOE1+Hwm36K9D48vO+RHq99JbxkdO9SbV1DgFlydry4MqEA2N4pA1r+m1q7ZcD9ccHKXNwsbMVSq5ESTBTzAkUNY/bWqC9AUBQFAUBQFAUBQFAUBQFAUGd/XbKbD+kvVEqGztirGDe38yVEt7b1S/SY7fmj1BFGzO68UdlF/2FH57VVZZ/pbDHlbxjCZ9OMCCyr8TE9w4c+Xq9dc+6YisuvREzaHZuxIy40fh02A0r3C3CvDr2+jxwm45A3AVtDK0clgwH5ePCtIhnJWFvMW1+fYK0rXKs8GecLXF7e+q3rhtrlV8pDrOsluJILcx9grll6VOjNm0agfh42pDbBuhF2BPBjy5m5qJXmCM+GFAdybDjasZhlnPSs7yI1RtI4WNhwNR4M7cMx3pFMxXSV1Dke81vSrztil7mrQa15d9bxDksqG6n8LWRdeZ9VduriXBujg02iF58hIU/Ed2UKFudSvYC3ttXe86X669OhV6f2lUuEGHjhQxLGwiW1yeJrSFUnUgoCgKAoCgKAoCgKAoCgKAoM1+vuz5W9/SbqPFw7meKFckIouWXHkWRgPYDWezpavb8z94keKB4pPFIAAO3mbAfZWcSvhrX9vXTUuZly7vMn4UHhUsA1yeQF/zV5ny9no9j4WvPLrLFi0qthbh+auSsPTtJpum+Yeyxh5nRWa5Go25flrWGUz6yqGV18BJeErIqm7MXAW3oW/Gt6Uc19iR2/6pYWoh4CU03BI0r6gQPRauqMQ5ZmZOpvqLsm5ABB5DWsA/Lj6qy2TEuvRmO5MZN2gyJgisCW7OYPdXn2jl7VJjBr8x5kzgG6rwv2VnHbf0KY0sIYIGBZSSfZV+EWmSO67nBFCzzOEWxFx6qnxywnZFWQ9Q/UTZsXIeC7Ssn3VHDutW1NEy87d8yInhQt36+xcqUNjKBYfC3xVtGjDgv8nKEyN5i3FCnKT9NWnVhSN2e0PkxGfHkW1yoPuq1OJZX5hP/wBvm0Jv/wBUemdrmhGRjvnL50TKHBhUlnJB7gL+iu95s9P1URFjRUQWRQFUdwHAVsq9UBQFAUBQFAUBQFAUBQFAUBQUrdesnjysnBTCjycYaomjkfS0i8m7CAD6q8zZ8zxtjD1tfwYtSLTbD89fqL0Bvm3dQ5WOu3SxYvnscFNOvXE9ygDKLFlAtVte6toZbPjW1z7/AINr/t3x4T0kziwyBM4mXkwdTax9VcHyI/e9L4k4o2gPpB08zzNZ1l1zXKs7hsuLuOS7ZcXmkiwvcj3/AJqtCZriFczOgtjHmSLnDBDA3jDqo8XO4Nr3reuY5cl/HrhW5um+m9sLPh7hEsoHH/qBYr2gqSQb0tst7K11094RkibaHUmUXB4OjBh39lYfcl11pX0k9wpJo84PFN+ERyPG45cKpNol0xXxWH5poUc2tGvf39t6ph21nKGbqGHGEr+YAeRF+VRhntvhnnWHWoyFkgTJZbjSEQ866qQ8rbbLP8Xp3dt6k1Y2NIysTeRl0qB38a1ndFXH9ibGW7/Tve8I+en8zmVHEe+tK/JrLG3xbQq74OZiSkTsY3HEW4GtfOJY+Ex2t+zYnzuhV8TOQvtbhVPVPo1H+37L6G6N6w6Q3PPnm/qQbOfeJRFZMaedpMbGi1Hiy6CHe3Lh6a6/OIxlwxS1p4fofz4jlXSyFAUBQFAUBQFAUBQFAUBQFAUHOfUPTzYXXu7Z8c7RSSZIdQrEAq/isRexFfK7q+Oy8fV9/wDGtF/iU49Ff+pGTlYPQ+97hPq+ehhvgZCi5SUkKrgdhF620xMzES8/5M+NJ8Vn+nq9NdadGbZv+LjL091TJCkO4vHZYMuaJQplZeCsXte/B+y5tXo3169nEcTDw6bdmuc4zE8kd73mbp0vhbgYWzy6QwLGzNeSUgIStgQDe9cU6ppPPT06/LpsjFe590RndT7BgRGKaWXMy1Gox+VLJIfSI0Fh9lRO6fRp9iM5nlnG/wD1N6ixg0mz9E5TY9j5eVmrHjxnu8CB2+21TFZt3Zna/j/Gn6Mh6o+uPVSZEMEu0YqTSqDLjGOWMxOTbTqZQG4cbiumfiVx/Jyx86+ceBzhdZ5e4P5G54MeFmBbhVUAG4vztWFtVqdS6qbabO6wuXSW4ZW4ZPyEY0ym7Ruo1Eek3PZWM2+mXTWmOpmEJuP1F6/wt83bpg9OLuR2h1TKzMV2WECVdcbMWSyl1NwrG/Purq+xrmsWzMZcX/699bzXETMM9336j7smaMSfZZ4crJOmNPmY9BPbdlRuVaV0VxnLG/zNkziapbYseLzv6tuSaceJNZGrV4j6SD28uFZ244iF6xM8zJzuH1BSESeRIY1RDIIg7klAdPxNJGl7n4VBNXp8ebMNvyYpxz+cqjN9QsjLaWQYTGJTZ2cyA/asjfkrT7OPVT70T/u/1Iw77g7odSIPNHxRyEn7CTTE17VzW3S+dPYOGkCbhiMyZ8JE3yVi8cixnUSrcwRbkb3q0RFo47VtmPwaR9BPpvl9RdbbbNvmOuTAmZlTZbq18ZYcIJIFGgi7MZY0PGw9tT45vHsmvjGm0zPMTER/q76r0HmigKAoCgKAoCgKAoCgKAoCgKDNuv8Aa44d1xtyA4ZVkkP7cQ4e6vD+frxeLe76j/F75nTbX/w8/mw36l5ebumz5eyRoTFI6CSwvYK4Iv6L2rh03n7j1Pl/Gj7Hl6rb9ONrl23oXBwsyMLPoZpE5i5JNq7L+rw9fEwiupeisPc8yHeYscPusckVshmOtI04XuTx0rwA+yubMzmM+jumlYmJiIzE9mCbfuUF4JoTIn3iOdhWM1l2eMT1JbGfcdT4+PHoQcGExHEe24pr8s8KbK1iOVD6y6dTKkZzt0CyN99XXn6hW3las9qV1VtHEKBD0cublLFNAzWNg0bEOL9zVadsxHaJ0R7Nf6d6dj6T23K3uXDM05WNFudTrGOBJIB9bEDsqmuJtOOsq7JikZ7wZbfskmRjb3k7TExy+pp13HdpZjxj0RiOFUAtpUIBw48Sats2eU+MdVV06/GPKf5WYR1v0nFhZ8WRMzefiStITYlTHIvl8RY8Bck11fHvExj3cXy6TFsz6HuNibbu224WFmLNHFjM0k+NGQpmY8hISL2FVm0xaV61iYTGfibPnYkONm7RHKmMnlwCRdWlL3strWF6n7to9V50Ut6K9LjbBhhooNvIub6I49Kcu0AcfbUed5U+3WDTG6WxcwyZaYKxxkH8NVPC/bfsPqqJ2zHqy+1CR2FI9syTjY4ZZWjmV3uWsvkuD6uBvXTqmZlzbYiKu0/7Zvp1D0F0flJHNLkxZWXJLhz5AAkMLxxBiNPCzFB9lehr5jLzLcRht9bMxQFAUBQFAUBQFAUBQFAUBQFBWuuMF8vZGmiF5sRxMoPcOBFcPzaeWvMdxy9L/HbIrtxPVuGMZ+LD/V4zPGGwtyXQbcgXH5Qa8KJxb8X19v8AyfHmvrRaIMQYW3wYwFxEluZ7fXXdaOHzmueTYRl2Atxv7BXPXt6eeDiDDhyMi0i6VKm3rPdXXWkWlz32TSEPumxIsjFeDA8xwrj2asS7NW/yjlW8rp2GWTVInmauYN7Vj4y6azEDG6fijkPlxpCFtp5d1/XSKcqTsiEi8jqzbbGYtxyWjKvjLZo41caS0p4jkTZa0taa8RzP9GPhF4zPFf6lhF8lhSIRaaUFpWtzY/7cKxicQ3imZ+kMN63wHyM8ebEJYCSkycg0b/EL1bTaYY/J1xJlgdLYORL85FkDXI5KxpwCLw4eytr3Y6qRCxz9PJ5AtdTy1KLj21hFpy6PGJM8Do7CmmEmRMxj56EsL251abyznWnM/wCS23COJFCiQqpsQOP21WMzKPGIhlOZjx4jz562jlzL4uMnJyJD+K4H6unwX/ar1dfFXkb4jL9DuiMdsTo7YMZxZ49vxVYenyVvXq0/jDxbdp6rqigKAoCgKAoCgKAoCgKAoCgKDxNEk8MkEgvHIpRh6GFjUTGYwtW01nMMW3Ha22/NycCYFo43uhHMG/MevnXy99fhaay+0rujZSt47mOUpkAaljtwtxHeTXdbmcPFr1kxtouAOXC3aa5+nfScnuLDj5I8rJs0R5r6u2uvVieJZbZmvMdmm7bbtsCM+PPPEVHwiViB6gSQKnbSsRmJNOy9p5iPyZf1P1FFs0Mkg3SdSgJ4sv51rz5n2l7VaRjmIUfpaXqL6h7hIG3fIg2WI34NpeTjwHC3Comsoia+kNa2HY26evBiXMDnU72u7N3knnU1rMSXmtu+0vvSN8s0xjNio8VuF6nbT1U0zGcZZn1BiRPjSSsAFIJ7yDWHq6L04ZPsuy5eRPuWVFlSQSRP+FpNgLC97X43rom2Ih5ta9rL0h1Y+6vPsWXmLDueIbOHUMsg7GXlzFRanrDTXaJnE9rHNj7liufKmgbUdRJjI49/Bqo3nXn3Vvf5d3ETl5o4zxHgQcvQTc1pWXJspiFI6c2zJ6g6y23bCWmlycmONixLE3cDma7qRl42+cQ/S6CFMeCLHjFo4kWNB+yosK9eHjFKAoCgKAoCgKAoCgKAoCgKAoCgKDMerY5IN4yJcm4M1jE7fCUA4AH0V4fyqzF5mX0/wJi2uIj0NJCNaX4EgH2WqJ7c0dIzIkVJOJ4iue3bu1dEH3IQABHAtzNWrfDf7ee1M6t6yiwYJS8liBxN7X4VS2yZdFNcVjLnLNy99+o2+/0zb9XyavaWRR4VHaB3mtK1xGZZ32TecQ3fYOj8rpjb0ba5bZCxqHjawDaRfieyk0mVqbIrwY5f1d6i2bNXFyunMuSGPnMvlFT6Rx41etb+8OfZekekpaX6s7Xu+zFzk6YyfFjyDRJG36rKbEfkqmy98eMtNFdefKO2a9dfUHb8LbWkGQtyDpUEcSeQrCuuZl0bvkVrXLFU+qcghkxcNWDSElpNJsSfTXb9h40fKRm17huse7pu8LlckMDz5gcwfXVpiMYTW058nS+xb4m9bRFlarMyeIW5MBxvXHMYezr2ZhWeps7y4iS3fYk99TSrn32wW/t9hTO+peDmSrrEEoaMczqvfhXpa4xh838mcv0Er03migKAoCgKAoCgKAoCgKAoCgKAoCgSycXGzIjDlRJNE3NHAYe+q2rExiVq2ms5icM56gwxh7k8MS2RAfLXja1uAvXk764s9bRfNeVQ3GUxI0g53ItXnXl7GqMqFvG/+VrsxFuQ91UjMu+OGQ9TNv3Ve5RbNtqssUjBZMgghVU8zx9FbVxDl2WmWtdD9G4PS+PFiYcYE6DxSN8Tsebd/Gums8sZnFWixoJFeR14gXINrFa6McOGbzE4ReckHlOWQSRm+m63HDstYeuqW4haszMsi6p2bbdxkOP8qokc2EkY0Nb1iuat3TamI+rKuq/pRIUGXC0sijxKsjFrD0Ak1rG2Ic1tM2jKmr0i+GT5sekob8RxtzvWnkwimDjExxFPyty8PoNJa1nDSOhclkyMvbL+EoJ0X18CB7q5tnDu+Pc164yGhjKqb3NqtrjlHybLZ/a8zN9SNogAvraaV/4YmI/JXoa/5Q+e3S78rvcQoCgKAoCgKAoCgKAoCgKAoCgKAoCgz/q7N2+bdRFjZCSZUAEeXGhuY2a+nV6xevP+VHMS7fjW7hQN1/luCOIuPaTXjXh9HolSpdqjyJC7ixBLG/b6Kyh2y+Y2zw4hWaFFF28RHAmmeWV4V/qXr7A6Xz0O5OUxFBMji5CqPvEjsreLTM8MLYiOXvafrOu9wLL0XtU28wyu0S5jWWIunxKCxHKtp22pxLn/APFb1/ItL119Rc6bIxF2EQphrqnjTQ/ha/bfjyrKfkeWYz19Gtfs1590DndU7jiL8xvmwZEXh/DkWJrEHjzW499Tj6t42a7eqmbz9SN9y3SDbdjkjR20IZUYsxYkAce+pikTPbO3yK1jhQN2603FPN/qOFp8likhH3bHlb0XretHFfdEq/gbuN1z0bFkvCzDURew7bVtNcdubyz02X6dbZkZG/HLkBEcGMw1nhfWRb3CuLbPD0NHaO+oyIJZI4yeBNyTfn2VfQj5MtL/ALQNkky+t591KXh23DlYv3PMRGo9dia9TTH7ngbpdu12uQUBQFAUBQFAUBQFAUBQFAUBQFB8Z1RS7sFReJYmwA9dBjf1X+suH09BLs3TuQk26FSMnMQhkgB7FI4F/wAnrphWZc57D19Lh9TRTZs5+W3AjGyJGbgGkPgkPoD29Fiaw+Rr8qT7t/jX8bw1v+pHJLLMdMousg7dQ4GvnLTy+r08QThVBcGxbt7PsqrtzMvWUE+W8sjmb8OdRKnqpuX0rib5mKmZAs8Dm0sUlmDIO+q1tOWdqoXK6M3zoUYON0JkRbbs8O4Dcp8Z4fMWa/CSF7EFVIP3fdXbG6cYtywt8Kuzmn7Z/wBhOTK+oWJu+7b5tm5wum5FcX5aTGLQwY6qdEiAOdLqWIN76uZvyq0TSIxDSv8AjL2xnHH1LZe7/UHP2lsFt+2dHhiSGOeXBypMibSuku12ChuHHwkXpa8d5yxn/G7KzxSfzhSusdm6v30yYku/4Qw7pKs224D48glhdZEKtJIWHiF7g1auysTmG2v/ABWy0fujx/GWWb70rGoy13DccnLyszIOTuMjMI45HPH4FHD+E1rXd6sN3wdevjMysHRWx7W+RD5MaxY8JBIPEEDv7659l5lhWsejbsGfD2zbZcxNKySggW4cFHIeiuTt3VjDHOr9y+cnYA3d2+29ehqrh5/yLu0/7YuiH6V+n6brlx6Nw35hkkEWYY6AiIH13Le2vW1VxGXg7LZltlbMhQFAUBQFAUBQFAUBQFAUBQIZmbh7djSZmfkR42LELyTTMI0UeksQKDFOs/7lOnNpeXA6VgO7563X5h7xYwb9nkz+j4Qe+rRCk2Yhv31X6s6mZp923FipP4GFEDFBFbm2heZHYWvU4VnlQc7cJcx2c3Zb3ve9zyudN/yipwnCByGV4pU8wlyCVjBa5I4jwx3v7Wol0juMTf0raepMIFsTccOCeUDsYoNR9h5+g18/83R9u/HU9f2fRfB+R51+sd/3I4m4q63DAg8OJ76857tbRMJATecpW/xcBVJlMnu14Zhka5J18bnhatKV5Y2mJPc3HSWB1mtpPwnn7a1tCtLeM5QsQ23bSy5RHlMCCB3HvFW1zMdum3yMxxPKqb9vXTWMx8qfy1ThbTx9A4CotMz1Devy8RzKjbv1LjDGaZdXlkm2pdJI9F6iK3kt/kKxDGuoN5bOy3jjBJBsFHED7K6q0xHLwd++dkpjZ55Nuwrk/iOeNjaonlnWcJ3N6xYbcMcOF0KQxJ9BrOuvlpO3h6+kOz7H1t19g4/Ve5w7ZsEbibLmyXEQlEZFoEY8AznhfsF/RXpaqZeTv2v0twjh/KQDbzGcJUVccwkGPy1FlCleFgB2V6Dzi9AUBQFAUBQFAUBQFAUBQfCQoLMbKOJJ4AAUGO/UX697N0x5u29OiPc91W6tkXvjRN3Ag/iEdym3pqYhWbOVetvqb1R1dklt03KXJW944g2mNL/qItlHoNuPI1bCMe6rQuEjMkhu7jwnkfSFHaP2eYqR7bLtoU21fFY6Vtf16j/hqUEJZWlDBxrXieAka3/FpX3UDNmCFUW9lPFS3C37kP5zRLqP6KbridSfTtNmy+M2zSSYMyWIZYzeSF1Dcfg5f8sjtqNuuNtPGU69ltV/Kqt9S7Pn9N5rkIRBqIKrxQ2+8h7jcGvmNum2u3jb/Sfd9Vo+RW9fKv8ArHse9PbnBlga3BIIv6K5fDl3/ciYXPF8kEMTz5ev89bViGczJxLCJEJAutrcfz1aYIlU98wNETGLwMT8TcRb0VSZmFopFmcbjtThzITeQA8QBb11Hmn7Sq7xsGTNEsczyNJ8RFuw+jsq8bIZ21K/j9DMnmzsmmNeJY8yb3Nafcy5504RG7smKpVQNKnQD32Fya1ry578KqIcncZWRGKwXvLJzAH6T2CuqlMy4Nm3BjnTzbbnaUP/AE/KLmOHcfTXbEYefM+XMtC6G+tXW3RcscmxbtkY0QsWxS3mY7/vRPdT9lWiVMOpfp9/eLsm5CLC67wjgZBsp3HDBeEnveMksv8ACT6qtFkOjtg6n6e6pw13Dp3csfcsRhfXjuHIv+svNT6GFWMpaiRQFAUBQFAUBQeXdI0LyMERRdmY2AA7STQUPqf6x9D9MpIJM757LQG2PhjzSWHZq+H31OFfJzj9R/r5vnVKSYWE39M2UhtWJCbyuo4Xlbhccfh8NWwrmZYruO6SS+ZrCmxYEaiQdIv2W4ceHG4qTCDOQ7yF9V/i1cABwW/ce21QudebqK3IIDqWLG12WPvJqyC4lIXyk43AvpZja3/KFEPBRjx03sLfynawNuP4jWog2nYrwlaygcjIkQv+5GLmg0j6FdRN0/15Fh6wm275G2Hk6RJwmj/FhkBfhqVgbd97Vevsizqfcdrwd0xpMLcYPOxmBDonxqFF7xH9aMHWn60Zt2Vnt1V2VxZfVttrtmrCOp+md66K3J50/H264kgy4uMUsT/CxHZfkfTXg7/jW198x7ve0fJjZ1xPssfTnU8GdABrAcDkTxDDhY1xzGHo12RMLthzQkMzMCp+L199WrC0y+ZhwpFs6IwI+9wCjvrWaxMFZmPVV8+DbfMLDHUSEeHlxXvrntSrqrM47QO4Hbow3lwJqPA+z01l4wuz3qTe4YIJIyVSwIKg8LczWtaOXbeIhi277i26ZqYeLxkkbSq9lz3+oV366PG3bMGCyPtPUm87GZTNDAkSxHkNSqrkgeksa9GsYh5NreXJluBGShRj4l4ry5+urKwiIZCh48COBosk8fLI4hvsohZ+nest76ezI87Zs+bAy4yCs2PI0bD1lSLipVmHSPQP93nUm3mLE6wx03nCFg2SlocsDvuBob2geupiyHUPRP1Y6G6/iU7BuiHNIu235Focpf4CfF/CTVzK60SKAoCgKDOesvrL0t0tHLBizLue6ID+DC141P7bi/2LepiFZs5p62+rnUfVM7x5Way4hbwYsBMca8LgaQePLm16vEKdsxyd4yck+NjpcRm3b42/QKlOEPkTgqzGwYqbN+9IBRKOy2JL2PFmm4/YKhJqDfUykkASX9XBahJ8HUNwN7u9wLm3hUdgJ91Sgvqfz72cre3wzW8PtH5KlD18uGLEx8xxJidre1mqUPNrKwLmLmbr5UPZ6LmgQgypcHKg3HDm0ZmJJHk40vmyuVliYMp4C3NaDtvovqrE6x6Z2/qLB8MeVH+LFEbvDPAT5ka/twtdo/1ozatGaYzcXFzcSTFzEjOMfExI1RRNN/mAduPN94fdNVmMxiVq2mJzDFOs/p9uXTks2+9LI5xYCP6htxOuXGJ5MP8AUhP3XHEdteRu+HMc15j2exo+ZFuLcT7mG09eRgaMvVjzoNLK3C1uPCvL8Zy9et4xyk83rPb2hBEg1cBb4vb7Py1PLSLxhTN/+pGFjuQkpIUWuCCSe41aNcyrbdFVLzPqQZIQ5OmPtJst/QLeirRpZz8pmfUHV02YxVb3c2W/bfuFdFNWHHt35e9nwDjTiRiWyCFMpPYxuxUeq1q7aVw8nZebK9u+cW653aTibyCI8+yJV/NWjP0KNI2q5vf29lBH5aaW83l+tYW4fbRMPEcx7O3hf38PyiiTqOYqVJPDtt9v++gfQZboeB5cfZRCd2zfsrDkjyIJmjkQhldCVYEd1u2pVmHQf08/un6u6eMOHvcn9e2sWXy8k6chFFvhmsTy/WvU5V6dV9DfWXoXr1I49sz1xtzcC+3ZZEU2ruW50v8Awn2VdOWgUSKAoPzg3HdpJpJvKH+oxsdV/EEHP01oywi5ptWt+RBlJ7CdEYAFSkxuTpSw06oVA9SFr0SYvdtJ080jB9JaQmgYzkvcrfxajYHtaQD81QsT1HS7nm1x7GlA/NQO1IebUb/HI2kWNvEByJXuogsJEeX4FPEkAoL/APj7alBwuk6w8PhI5+TcXte/x0Q8eK1goBsSAscKdnHmTUhKadwqh5WKciGnjUD2KKgbZ/bj1hBj5W5dFZMpWXIb+o7YgcO7+WB5qxnh+IlhIg+8NQrSvSto9XRsb3swZEIPgfnCpm7D3wT/AOBuFFSM8dtJQ/LtETBC8vi+XdueNkfrQv8AcaiWddT9CbPvSTusI2zMjbypCwuMac8klt8UD/ck5r6uFcu/4tdvPU+7r0fKtr47j2c9dVdNZmy5GThZ6S4OZAdLJc6GJ4hlYcCpHIivGvXZqnFns0tr2xmrN9xxNF5Gux72JP560rtllbVEK5mvNpJL2jHcLVp5TLKawkds6dmggh3HLjJy8ok40Lc1hVgtz6XchfVeumtMduPZfPSzY8Hktz1cT4u/xEX9oiP21dgyzdJynVW6yEm3zbDiTbu7KlPofmTUL8ye3iaD75lxpIsp5jgPyUDRlMTleSfEvq5+6i0FkkHLhw7vRx93OgdRsSb3sR9n+w/JUoO4pAvh9x7OyiDyHIdTfj6DRCYwN4ysV1aGQo6nUrA2sRxHEVKMN/6B/uq6u6Zwk2/eAm9YUVhGcot56qPuiQG5FuWq9TlHLrT6ZfVHp36o7K26bKWhyschM/b5SDLC7C6nh8Stbwt+erJhd6JfmLNIzJYKQuhAW7eMtasicpJWY34gT8aJIOdDlzbUHBB5nhFRJmjyKYypOkmAGx/ePGgZSMRpGlSbLYdpvKe0eqoS8RtcIoHAtH6yDISfyUDmM+EE2B8TeIgfeblqVgaBJZYTLpAVm7RaFuXd8NA9WJFDs8Ssp8NjAt/F6nqUPpt5jCKMKtjf8BO7j8TGiCUszRC/jUX8QCxXANuI50SUxdzzen9xwd/xbnP27ITIUqQpLRm+lWXkHS4B7+NTE45RjPDuDYd7x952vC3fFZJMTPgWeF2Fo2TI+IOOxHbwyD/Lk48jWssoTIDSBQg1SMDBEJ+Uqj4sTI/bX7jdtVSjMyASiN4GHmC+PjS5HIj72Flju/Uc1IrO9dP7fveD8rnQqFhPkwPljUcdyRfEyu0o3+XJ2c71FqxaMStW01nMOTurcDaG6rn6X6dyJ8yR5DGmJpE8kE+oq0BkWwcIeAftv3150/Er5cS9CPl28eYRmXtvT3RmVH/VIz1BumLqOTHiOq4ONOQQiB2v5rxtYvYab8L1tTTWk+8sb7rXhI4+8bP1PDLuO0rIo2/yoXglWzRrjY7OBqHhfXKbjSb8KvaueWHRjLH8u5hJv5ZCA9+gBL/ar/bWKzG93s/UW725HILf4aLwXxptQCMLsO3ieAoH6Mq242t9v2AUQ9TIsyalYK4F1NrAke+gZxG9io4HkPVy/RUpPIua6RflYH8/5KIOhwHDjy0+m/8AtapDmIm1ieHf7/f+WiCwcAXPEW51IUE1k43HYRQa19AfqRL0B13tG4ZM5TZc4jbt3W/h8mVtIdh/6bWf2VHQ/STzY/11+HXzHw9/qq4/L55SqhrmwiVRz5ia3fWzMSS6Vl8XEGcDv7D6aBq7kuxY3s4tbh/k9xFQk3iYGRNRtxhN/wCFqBmQT5JYCx0e52qFnlAuiEsPEWisRx4BmNEHCZaxQxqZLSupvfWvMk3BS/H2VIYLKy5IfzAVbiAXU3v2/iqKhKa/DYgBADwJHlwt/wCFhUqmpCQq0jRW4kAmEAC5tz18PTQe4VY6mKprUtbwafEnxJ7VN6D5lqGgaIkFAAp7LxvxjY/unhQh0n/bjv43boVtmyH052xTPBkBxqCxSEhJrdsZB8qdfQGrSs5hnaMS2WHWC0EkRfV+DJjs3ik0C4i1f6qDxQyffX01KCphOSQyFcl510XfwpmxL/luPuzp2GoHM31q+sGbuue/QP03SXLkkDYW79Q3MCeQw0thtJJpjLoeBl1cOQPOkRa0+NeZW4iMz0zna/pr1307gStky4/T8OXEUl3OEy7gzq/A65oAxjFjbgdNu2ppot1mIn2ntFttfxg3x+gNi2HMwN16g8/fensa8jyJLr2+eT7okaG7RRg87ob/AKwq32YrxPf1V+5M9IbqPcZ8bpyPp7HxosWc52RvkeXit4MuZ0IRoJFsAYAbpGbGq2tELV55Nent7/7kwMpJWV9124gSSL4RkJ/qhf1iSfM/aItXJaPWGvTMNwjP9e3MvwJct/xECs2no+RjiL+z3UD6CThZ+NuN+Q91Sh6ypViiPlkjWLLYAXv76geIAdII7uI7x2/p9lSHkYN9R9NwP8X/ANVTAcopNweFudvf/wDUKlBwoAbibDjx7j2/ZzFAvpIXute47BY+3tP2GgSDGx4geugfYL6sC9ySrNx4dh5A9/oqfQbf/wD6K6l/12//AIp/27z/AM//AOR+96aoKC72hReP8rkP+bfjzrqZvkz6llOoiQedz/PUBJZSxYX8RYg343/CokjD/MjOnkYRx4D4TegbyILRi1yBF2d7sPz1CTeIsWhF7rqjAHqLUDpEEkCRv8P4QsDY8X76lEk5I50bQ5YrYnzGfgiKxSxGlqGS0jHIYoCsi3C6ysTICeRJUAi9AlaFFYKoB03dlABKW0utv2TxFAtG8ge5OqQkIDyHmIPAw/eWpQTkcliQA0ekmx7YnNmX+E8RUJar/brv42br/K2LIKxndYQcOVv5fzMY4I/7E6HT+8BVqz6K293WXywn0rAjNEwKLExIk0xm7QE9ksJ8UTdo4VZRzx9ePrSsOQ/056PykmyMq0fUG7JII0KkgBInA/DyDfTK1x3XvSO8LY4yuX0y6f6c2LpzHwNqz5tn3KdF87A3+EZGHM7DiElPEA/syH1V3RrxHUWj6cWhy+WZ78f6EOp9iPT0kmXNj5HSkj3I3LbSM7ZZSe2WK1kB9Kr+9Vot5cRPl9Ld/miYxzMY+sMk6hibbHO5T+TtMuRwi6k2c+fs+WTyGXBc6L/rf4qwt7f9s/pK8c89/WGOdTBhLkY0cAxJLiXJwYmvjiXi0WXiN2KxBVlFcGyf/X6OmkG3Te2yYmZjz4X8yJ0Vn4jWkpeI6rd/C9Z17a2RHUW2wjc8rccYgY+QArofijnjY642HYeRpNcESgI0F/CKok6jTjaxHfw/dFSCbDacX1WKtdQON9V+fdypgfIo5YTpcWN+Dc1v2cf9udID6MXUW4HhpPd3e/wmrIKoGFtPI20/lW/vWgdxAWAFri2g/bpv71NSgqxuoKg6WHI+7860DCaYqLcx2moSlNns+16731FhYcOR5H2fCamOiSfmH0ctHsqguygmPU3+io9d5+P5K6WbxlOIxKoN/wCfYsATa9Eko3PmFS1wrsRf9mG3ZUBONryRsF0qWgIvw5obmg8yJpji4cljBse+Q8ffRKNS8ckbG/Arwvw+IjlUCRxXDRpw4/genjrPG9jUoKqFJEbEDzFZBYDgXkLLflYEDnQImWFS6hVCEEkD9Rz4uXaj+6gSk1a7EL5wOoL3yqPGPU68aBRQvjQSDRpALHsjbjG3rU+E0HlHkBuVvJxNiObKLSL6mHGglej9xOy9abFukcfzEUWVHBkQm95sSfw2H7QHL9oCkTiSeYdG/VH6pbpmR5vRP0wds7ehCG3bf8fxJDChWxjZeWSqtpc/d9fK0z7KRHu5+m+hfWKCZMmeP5hTOpubs7KoyDz561OtT33FUjVLT7kNq+m++b70hDg7Bus8E0c4EEmBuQ8zDkeylQslj5etWUpcFG5WDDj6VJi8fu7j1jv/AN3FePGcx1/satuSRR4/l4E83SG4z8IsLOAy9lyGPNUYkhb9yMp/Zq3No9NkflZXiP8Al/o5569xsjZtwlBwl6W6gydSjHU+d09u1+YU20o7D0Bu8Gue05jjmPae4aRHv+cMJytMspVEeCGAyMmFKbviuGAmhB/UDDUvorzrzmXXWF76V2nzjLCB42XKhX/mRH5iM0oWlnfU+OI+qt+0C0ckUeSFHL8ZQQf8VW9ZTHSvLFbt48eXtqmEnKRWv3g3It+0P0VIXWMadQ42/MpP56kKrGDpBsRqPA9pGkcaBOaNYY3lThYksvYQSQbfZUYHnFnSUG5JB4MfQeZ+2zUgSKi1w1vCCW9XJvsPiqyHqW4B7SL37r/et7mFBD7o+hbNa/I2/WvVZSmdlbRsschPBgSD+yWPvU1aOkSZ/MHu+9q9vdVEtCDH5ZePOKKxPeZTXSyIz8VlvezCdrjl8VqhaCBLCWS5IAZ78P8A0hUBOJr6Dqu14r99hGeFAqtpIIg/xlYCCOA+P8tAxkVQVc95I7eUhHuqElQBiyeQ0ikkLcjiADdkYcu02N6kJvOp1gjwkHULk+EmzD1q3GoCSu2osbGRQSy9hK8HHtXxCg9BrgISTbSFkJ7R4omue8eE1KHxXVRqt+EwZuP+k/CRbfsNxFAoHYG4P419JbsMkfFW/iWgabkzJhPNA2iVF8yF0NioLXFvSjVEphvn9qm64r7XuPT+UoOVj5IleU8Xkxs9PLYknibNoNW1zmqmyMSt3Ue55GL1IuNO+jQmm3K7Y0GTA5Ppsq1tlm+IuBuIxcTMVJBkHDwyrAOOODqNx2gHTer1nEqzC8dBbrPvOxT7PBNBneQDDm9Kb24Ziq8L40731RkcULah6VNdN8T+6Yn/AKo/WGNeOI/Kf0Yd9XVxMAZuw7Y0641jJm9EbzfWij/M2+dib25qFYjuIrn3TmOZi31jtpSMT1j+jDsHEaadld2l1u8Alfg7h8caC3pOkXry5d0dNY6Exxqiy2HAPhZjfuvfHl/LW1GV5Zf15ifI9a7rhsAG+Uih4/8A485T8iik9rR0qCxFmJbgewd9wP01VY6VB4Sw4E8fax/RUofVRSh0cTy52Ngqi/2mgdLjeMDkbm9+HOQD81SEMuFvIkNvu3ueFidRqJENtZPlqRxPd+b8oqkJlYMdSNJI1E8m7yBw/wCJa0QWaAW8Jva2n0j7v2jw0Fd3sqkR03ItdT6Oz3VSUwnNuUjp3FW9g0YcE/t+E++reiEV53pHxX5dtUSvGw5ozsKOGW7S48kONJx4gxk/l510ROYZzGD2exxS2nj5T8edtUtqBGY+KU8ba5rAfsoBblUJIQOuoNx4txPpWH10SdRkP5SAA3MCj0Cxbj7aIMWDvpB4Arp9nm0S8yKGileVQulnRuxmQm3+HgaBBmKeO11UklBY3YCzAfvKb1A8MxSQCM8Wt5Z53IGpGty4jw0ArpYf6TKL9p8tjwPrRqD1FJ42kcXIJYoOIYgWkHtHGgWPw+Xq43EasOHEeKFvb8NSghI8boVk4LpJKW46HJV19h41Auf0M3dtj6426F5NMG6RSbZM17DzA2mNj/FoNRqnEzCdkZjLdfqxhSGdN6x10l0XJY9y5K+TL9jr/irdjCndPPu2+Z+Jh7Uhm3GSV3hQGwUxwQRAsexVBYk91XpzPKLcNs2vYsCXYlgzBAvT22QlN/6mljWOXOyOIeDEsPBECSmpeLfCvaT1+UxP1nqv6ywxEx9PWWCfX3FbIx9ty8vDj2zCiDY/S2xqgXIVJCA2RL94EqOAJ8I9NYbaxHGcz6y01zP4QzCJY0kWRBwRMfI9N8d/Kf3V5UuyGsdH4RVflgOa52CPWAMmH/dXRTpjZmH1VhA+oWXlEf8A6nbmyQLX/mBH/wDE5pMcr16Z+Pj5WAaxB7RqA4fZVFjqOFGVD+yL+jws1SG8m3sl5YWIvxIvwOkL+mownL7BnTLljHmiK8VHmdhJc8B6b0yYL5hCYsjkDgoBN7fcYkWqZQrm0SARqt+BFr8+PZ77VnCyz493AsNN7BL9hJuOHoa61oqdsgMakGxI4HlYOfT+qwqRV+oQTC7crAnhw53PuN6zsmEvAfL6fxkI+COwPoZA494q/oj1Vr5gf49XM1msvOBKds6iiilGmHPAkB7pIwbfaK2jiVJ6WAya4THpGhkhUHjfxyXq6ptkkmOV+bfjt9p0nlUJND4WaMg6buSQO6IAGoScLJokU24ho/8ABETzoG8IYCEWIv5Pit2s5ag9OwMayMuuySOVbkbuV9vA0QYWaElUcM6kBXXtZRdCP3l4VCSBBcAI1lNgh7lc3X/hYWoHAVdIkFgCC7i1xok8Lj+FheiHseYtmtqfiSvfJELEfxqaJAWMlUDHQV8sNf7knijPsbhUoJSuzank4NbWeyx+GQcPtqElNgnkxMpZo3InwcyKRH5ECVdII/iCmqdWyt3Dsvf1TqTpLEy0HDKQxH0DOjEqfZMlq6Zc0KD9Fdvk3HqffM2adcPYdpwtO6ZZJDrHkMAyJbk0ix6b8wOXEitNU4nrM+n4o2dfT1bhvO5JiYuDuOdgF8hvB0h0mtkCBBwyJxyBUcWZuEY4DjXTWJmZiJ/6rfpDGZxzP+kOTfq9Ln7nv+RnblmHMzMVkbdM1LrDHqa6Y0APJSRb9Yi7HsFZ7ceP7eK/1WpnPPapRR+ZnGFTdZJciEfu5Mfmr768me3bHTY+hwWXHyTc8dvzz6mBx5a6asrMv+r+P8v1msDC7R7fLjH/ANnJCj/CBUT2tXpmpU8wCyt4jw4/eYVSVzuJCYzYcdLcO3gqipQXdbK1uK3bSOXDWooPIH4gk0gt2EgXF5G4iiTfN0nBcMAdKmxIuP5RqJFS2Uho7dnP2cj7j7qzhaVuxAXW734izHuudJ+xgDWkKnrG48YA1Alh2AN4X+w2arCodSPJ5JVmOo3BA5auTe8X9tZ2TBxmZ3k7LjgHxeTELekArT0PVWtU3ceWqs1mi9TxvEkedGPxsVUmUj1kEfYa3t7qQsWLNHk42LKtyj/KkWPEggnjxrRR4dQMfWjEAxyeH96Tgb1CTTIaRZpEA4AzAWNuAUCoS+PMQrktcKzm/PgsVqD5A/iXUNRUxW7PhjJ99EFLDyERTdtEQ4HmXkJoI/ICRuNFggPlxqOxTxjJ/iutQkkoje5bwofE3YFWQkMLfsvQLecV5WOkkyLyBI4SL7RxogDzR+EG8akKvpZfFGfavCiX1VTxKT4GFgD92OU/+RqDyzO+pnF34uy9uqPwyDj2EcaBDAby8rNUG+rGZge847q6H/hrOy0Ou/ppmy7t0FNgHxyRQSrjPe/4mOxmi9oKH7a6s8RLnnsx+gkWLFH1l1RuzNNtMW7wrhbVGPxMzcNLtClvvadfhXkD4jyrbTnmK9z6+0equzHEz1+q89VZm44k88TzJJ1zvEQkz8keODatuv4UUdw5IvOR/EeFdERWY/8Arr/3SwnOf+af9jmD6kypLjxw4F12mGcphhjqkzMu9mmc/es3Fm5Eiw4LWW/M8z37e0L6/orWzS3lExbUInxplPekb+Wf8JFebeOXXXpvXQ+GTB8t2jHzsMfvY8gnj91bVZyzL65xH/8AsLHlUWSbAlyuV/jSOQ++q27Xr0yI6liaM8CPCb+hB+mqrHcboXYDhc2NxyvIB3eigdIwkCjiFYoLdl2kZvyC9SG63Cgm4sFI7bAh2/PUJeMgH5ZlLeBQwYqO6ID89BStjdQ1gLpex/d5H3GsqrLxhJeIqx7w/b+y35mrWFTmSygO5Gm1nXsuvhf7RZqkUbqaUiYRkeLVZrd4IB+21ZWWghrfcTj44P4MSgN7CT+eoDzyI+4fBo/i7qnAvm9sk2PoJHGJAbcv5lbSpBt0jmFcd8CYhjhZSoA3PygjFfstSs8IlNSEmCy2AMMSgDgdTvfjepDHLuWmCkE2na/8QWoSbTy8JLgBvxiOHaQo/LUBRZfGWBso8y9/CfBFbhUhRZf5PhLeKFTfnZULE0DV445sRVFgyKqzy8rJKxKt/C4FRIQR1YkvYkX1qORuNMg+3xUHySQoRcXdeLDtLoOYPcy0H241KFaxsEjbsF/FEefE/doPUjqX1WOgjUwB5LJ4Wv8AutxoPh13ZnYa1Jb1vELOP4l40CWIUj3bGhXisqyQFuYKTRsUP5qpbpaHUf8Ab5uYl2OeKQ8IvJnI9GlI5PczVvTmrG/af+lWEnSWH1RuU6HNz4eoMnA6a2jkHzXijDyexdOpvuqD311aom0eMcR3afoy2Tic/k+dVs8C5mzNlmTMk/67q/eFOli7jwwRn7pI8KD7kfHnXRmJjyx+2OKx7sMT16+rBOtS2YiTqghlyV8rbYANK42GF4y27Lr8P7Nu1qw2x79+v9mmtV9kZHZ1QWEsTLEvcjBjGD/DEDXDeOHTWeXTn04VJWin03SWbEyL/s5kBif/ABCrV6VlkP15jK9ZbExbS0uz5ELEc7xO0R/IKi3a1emNyHxHV+ubcb/fVfzVm0e43AKlj2Kw4cb+J6lBzGxjUEggoQSefwRfpNSFH0RqUvcqOJ7PBEPzmiTfNdRiyLxvZ76eJ5LzqJFH2L+YD8QHEj0DgfcayqtK940ehQ78OF243uUFm+1bGtVXvKcRoSLEWuSeFygsf+JDepkZ51BOXy0F7m4u3eV4X+wVjZaCuDJohuOHC+rl90mkEvn9RTv/AM2/sqcjStwEfk3S3GJL/wD3B+mt5Zwr+LnfJ9Txx8osl5IpSDzYElOPtqkdrT0uisk3lWNwflUI7zxJ5VdVG5Wlo9aC10ck3txaa35qhJjkFR5gHBh5pPDsLqONQkB7azbmJefHizBaB+bqxPMhpDp4DhHGB+epQQPlqxjbjFOscEq8gVMZJJ7OBsaBiztjkeaF8zxNIg4jUg0uv8S2NQEtTKbrxZPhNu1BqU2/aHCg9RgT6o9WmFgAjDhZX8SH+FuFEl1IMfjW/DWwN7WPgkU+o8aIeXDghbgyKbAA8PMjFxx/aThQMZphi5GLkqbJDPGf/bZ9Q/OKrKYdE/295X/7jlbSWsJxLAAe27SoPe6VfV0ps7a1sZOzQbtvUC/NdR7xntjdPYb/AMuKSTGgbKmNuSgjVI3coXtrv1x5R49V7s5bzic+voqfUcOHBFPtskxm2nambK3/ADX+LN3CTxmNj6eDSD7q6U7a38p4vjmeKx+rLHp+bH+rRLkrIcvwZuZ/1Gcx4HHw14iPhyZr+L9o2+7WF4xGPbv6y1op+3yvFlpMVs72k8vlp+YIhhT2Jc1yWrmMNol0v9IcgT7FiTE3aGFYn9eFmAfkaq06Wt2zn6+wgdebAGPhVd1gI7LCUSAfY1RbuE16lhMhsAzC9+Pdfiz8OXorOWjyrtwU8bCw9iBePtapDxJSbqHtfWB6dThOz0CgWkbWHJvpfUVtb/MkC/kWpDTcGBxZSPExDtwPIM5539C1Ein9NgmQEC5HG37vP7VNZVWlevMEEQbUCUIbjyuguP8AiS4rZVCblvEbLGieFC4WPV8TIL2b0CxIqsymFN3GXVlrq+6eJ9XD81ZStAifIzSuNjA6BbW/ZwAB/LQS3/a8v6zctP8AH+ireIu+RNqhJXxKIQfCeHCStmasb6zB/PiB86GZ5FHcUKsLGs5Whddqz1zcbFyEa6Pol4cbeWjG3sIrVQZMbsp0nwlIVPLm7Fri1RKYRbMxcfeLW5A/ek/3VCXtJTM1lAGoeo+KX/dQOpH1+YQLXSVhpPLU4T81SgnK2lncglNUpHcdCBPdQNphrVJkB1cBKTbjNGo4fxJ+SolJFgdaqhuxssZ7L/FGfyrUD2FEgDf5fKw4WjlP/lepQcKSpu44cXZT3/DIPX96g+Sx6fAAPMNlH/Mj8SH2jhQRe6ohx20DwsPBbubxL/wtwqJS2X6GbqYupYplPFrZFvQUimPvjNTq7wrs6dF6Ds77um3jzup8/cJ9s2VZPEmNi2SeWe3Yih1LfrEKK9DVHlGJ/jHM/wBnJficx2oXVDYWDA+NGTJsewOfOdvE2bujHUdX6xVjrfvcqvIVt5TP7v8Aet/H6QyxHXpHbJ99DSRZEeY13JGZvD8wDx8vHv28eB7/ABmsbcRx1HX1lrX+v9FSkWWFjM6k5C/9TKv/AORKNEEf8I99YY/t/dpEt++g0hOzbxia/MbFOaobvbTFKfeDWVf1XsrP9wK36r2XJA4GbLI9U+DFJ+UVFvRarn/MVjrQ2OnhbtuEA/PWcrm6yDzbA3Aa9v4/0LULHuJoUBje66SSeN9KtIfealB2g0lDpNk0A25fhoXPvNSIzeW8nCyGZSQkdj6xEWPG/e1RIq3TjskileDJxB9KfpBrKq8pjeN2hxF8iNvNyhYKt7qLElWb2cNNaTOFVdklkdVdiXkJ1MxPEnnWaUZnsZ8o2Ngbn08ReoTCxbOkGNFrkIAseA4c1vVqolJ/9wD9Uc9Ps76tkwcx+f5Mmq+nyjb1a6uqa7pp8qW17eZJe9/1Re16rKYP+iPnP6cb/wAnXL8vq/V0te3tvVq9Kz2s2RfzTbT/ADYufLT5R029tShDtfzI7c/Bfv5m/vqFnvFv50Vrco7W5adTcvRegXT+WNfPSn7tvNN/fUoN8jXpbVflJe3f5gv7qhIh8z/qdXw+d+Hf/XuNHL20QSa2pv3W06eWm/h0/wAV7VCSx0Wb/Ru+q3PRp8X+L4akek1649Vtepb6r2vp8f8Ah50Q+P8ACOerSuj9bVr/AA7em3uoGe5W0zabeX+Lbv0cLW/i5VEpX36I/Mf9z7fp+HyvH+55WRf/AA01/wAkX6dbLq8zq/8ApOn/AL1+VxPlPN/U+XTzPKvwvqtf9rTevQr1Hl/DPLkt647wyvqX5fRsfyGr+ieU/wAlr+P+pX/z7/f1eZ/7vsrot5eVv+L0/D6MYxiPZmuXb5LH8/8Ak/Nn+pX/APlcfL1f+n/Lt+z/ABVjOOMdY/a091fOnzcbzr+Z81L81f8A+VY+Tf8AZ06bemsZ649v/lpHbZ/7d7fKbnb+X+L8xfn5nyx8331lPcroj682/qexX/mWjvbv+Rk1W9mmolNXP+5387Ivz1ve/dqXl7KxlsiItfmNpv8ACeffZqrCUynJ7W0WfTb9xfzVaEHEl/Hq+K82rv5C3uqRE9TX/pmbovqtLe/6t4//AC1W3RCpYHnfKD+n3+at+Lf+Z8J/l9nL+Ks4Xk1Frm3xXN787+m/toPXjsLej/b8tAw4fMvf4rtVUpdNVl8y+jtt6h+arKpD/ovRz99Twcv/2Q==',0,0,1,0),(11,'drtim','$2a$10$NRung1oTYqBhPQFN7DkHfONvf6tEZeNj.GBsabxt95bQCj6lYXgbS',NULL,4,NULL,NULL,NULL,NULL,NULL,NULL,NULL,NULL,1,'Pnguyen@redimed.com.au',NULL,NULL,NULL,NULL,NULL,NULL,72,'2014-01-23 02:40:15',72,'2014-01-23 02:40:25',NULL,NULL,NULL,1,NULL,NULL,NULL,NULL,NULL,0,0,0,0),(12,'phuongnm','$2a$10$JAuTJK3hgfYY1rtkC1aJ6OH6kXTpIcpUn/3D6ZHQ8CmnM9x6E.VGe',2,3,'@','@','po','phuong m nguyen','1111',0,0,0,1,'phuong_thql@yahoo.com',NULL,1,1,0,0,0,3,'2014-01-24 01:57:41',3,'2014-01-24 01:58:35',0,1,NULL,NULL,NULL,NULL,NULL,NULL,NULL,0,0,0,0),(13,'phuong','$2a$10$lx1xmqm6cj8z9eZ8Sv5LXuQOuy7JF2iefE2fPjyjxeA0983LKfvga',2,3,NULL,NULL,NULL,'phuong','111',NULL,NULL,0,1,'phuong_thql@yahoo.com',NULL,1,1,0,0,0,56,'2014-01-24 02:48:26',56,'2014-01-24 02:49:04',0,1,NULL,NULL,NULL,NULL,NULL,NULL,NULL,0,0,0,0),(14,'poreq','$2a$10$b/nDC/Lc/zkWsl9NSjDp9uGIw3oCZNXEzgt4IDWW3Eu2xqOCTcY0O',NULL,1,NULL,NULL,NULL,'Po Requisition Tester','a@gmail.com',0,0,1,1,'mycoldwater@yahoo.com',NULL,0,0,0,0,0,31,'2014-02-18 10:57:56',31,'2014-09-19 23:06:58',0,1,NULL,NULL,NULL,NULL,NULL,NULL,NULL,0,0,0,0),(15,'sup','$2a$10$QTvASBziYyLYpomsi4wnA.2D/8.PJcblpdQ2uEda/LauP75YU79fe',NULL,1,NULL,NULL,NULL,'Supervisor Tester',NULL,0,0,1,1,'mycoldwater@yahoo.com',NULL,0,0,0,0,0,31,'2014-02-18 10:58:58',31,'2014-09-19 23:06:58',0,1,NULL,NULL,NULL,NULL,NULL,NULL,NULL,0,0,0,0),(16,'head','$2a$10$QC1GCqWIuuAj.PPyATzpv.gyR3IS.f26BqoiKY5URduBz2Z5Zam0O',NULL,1,NULL,NULL,NULL,'Head of dept Tester',NULL,0,0,1,1,'mycoldwater@yahoo.com',NULL,0,0,0,0,0,31,'2014-02-18 11:00:12',31,'2014-09-18 00:50:59',0,1,NULL,NULL,NULL,NULL,NULL,NULL,NULL,0,0,0,0),(17,'director','$2a$10$kJDpUc0C8HaeaW0PjLUAvO3f51IGyX1asBMtgosqt/Lmb/jpkTdbS',NULL,1,NULL,NULL,NULL,'Director Tester',NULL,0,0,1,1,'mycoldwater@yahoo.com',NULL,0,0,0,0,0,31,'2014-02-18 11:01:45',31,'2014-09-19 23:06:58',0,1,NULL,NULL,NULL,NULL,NULL,NULL,NULL,0,0,0,0),(18,'patient2','$2a$10$hK2FNSo5iaXxAWTTp7JcMezJin.YZkJ5W.2d7NZnBjsA8IPncc96i',1,1,NULL,NULL,NULL,NULL,NULL,NULL,NULL,NULL,1,'phuong_thql@yahoo.com',NULL,NULL,NULL,NULL,NULL,NULL,72,'2014-02-20 11:12:34',31,'2014-02-20 11:20:15',NULL,NULL,NULL,NULL,NULL,NULL,NULL,NULL,NULL,0,0,0,0),(19,'patient3','$2a$10$MCxfeRuSyi/QxSpL8luNS.03GxJbRm2Lsp7O.jAecTcp74EaRh932',1,1,NULL,NULL,NULL,NULL,NULL,NULL,NULL,NULL,1,'phuong_thql@yahoo.com','phuong_thql@yahoo.com',NULL,NULL,NULL,NULL,NULL,72,'2014-02-21 08:41:39',72,'2014-02-21 08:42:11',NULL,NULL,NULL,NULL,NULL,NULL,NULL,NULL,NULL,0,0,0,0),(20,'drRene','$2a$10$/E1IVqu/zl97I8l/48uWI.C7gIJY17STEFFgXcz5h/41ak47ZxRWC',NULL,4,NULL,NULL,NULL,NULL,NULL,NULL,NULL,NULL,1,'@',NULL,NULL,NULL,NULL,NULL,NULL,31,'2014-02-26 05:31:04',31,'2014-02-26 05:31:22',NULL,NULL,NULL,NULL,NULL,NULL,NULL,NULL,NULL,0,0,0,0),(21,'legal','$2a$10$bB0VDx9UyFOpvGYYVDU1Tu9mU8Eu7qxv1SPBM0CdnGXtRUzJHibNq',1,3,NULL,NULL,NULL,'Gary White','0468996833',0,0,1,1,'pnguyen@redimed.com.au',NULL,0,0,0,0,0,31,'2014-02-27 02:32:10',25,'2014-12-17 06:03:53',0,1,0,NULL,22,NULL,NULL,NULL,'data:image/png;base64,iVBORw0KGgoAAAANSUhEUgAABIAAAACKCAYAAADSfDEvAAAAAXNSR0IArs4c6QAAAARnQU1BAACxjwv8YQUAAAAJcEhZcwAADsQAAA7EAZUrDhsAADZqSURBVHhe7d15kF3VfSfw73337Xuv6pZaaqlbGwhJCITYBMYbYIeK45g4jiupcjYyODVTccZDalKpSlLlSsYeZzx/4Qoz5WRmEmMTbMcm2EaxhbFAYElsWkFqbb3vr9++3fvunN/pd+XndrdaEsiGp+8Hrt5dzj3LfdIf71e/c67hKCAiIiIiIiIioqblqX8SEREREREREVGTYgCIiIiIiIiIiKjJMQBERERERERERNTkGAAiIiIiIiIiImpyDAARERERERERETU5BoCIiIiIiIiIiJocA0BERERERERERE2OASAiIiIiIiIioibHABARERERERERUZNjAIiIiIiIiIiIqMkxAERERERERERE1OQYACIiIiIiIiIianIMABERERERERERNTkGgIiIiIiIiIiImhwDQERERERERERETY4BICIiIiIiIiKiJscAEBERERERERFRk2MAiIiIiIiIiIioyTEARERERERERETU5BgAIiIiIiIiIiJqcgwAERERERERERE1OQaAiIiIiIiIiIiaHANARERERERERERNjgEgIiIiIiIiIqImxwAQEREREREREVGTYwCIiIiIiIiIiKjJMQBERERERERERNTkGAAiIiIiIiIiImpyDAARERERERERETU5BoCIiIiIiIiIiJocA0BERERERERERE2OASAiIiIiIiIioibHABARERERERERUZNjAIiIiIiIiIiIqMkxAERERERERERE1OQYACIiIiIiIiIianIMABERERERERERNTkGgIiIiIiIiIiImhwDQERERERERERETY4BICIiIiIiIiKiJscAEBERERERERFRk2MAiIiIiIiIiIioyRmOUt+nq2Hh0zXqnz+ntuBTkd2KB/DUUPXXkIOt/6shj2jZRtgfVvV7YFVslIMxddaLqrrFL7cWgM6QNDeF8VOH8NrrR3H8jZPYvPl6XL/tRqzddIO6V3XG8NU/49IiERERERERETUhZgC9o6mvp1QCDA+MmqO2CgIwEEUE4UD0QjDJqz7L2TmEUUFSHYfU1hJWlx3AyszhiSeewLEjhxGPhnH8+HE8/Z2nMDMyousVNdvWn0RERERERETUnBgAeieTbycmkRwPvHYASSuMmONHGKa6YKJmObrM7PgE9n/zWxh87nlEUrOIVivwOxZgzeHQwRfh8XgQDAZ1ldFoFOl0CidPvqGOJD3JgcdcMi2JiIiIiIiIiJoAA0DvYBKesUygaNlqR4588ycKNix1zvD6USkVcezoazj24vM49P2nceK5PSicPgLU0oC/jEoxg7aWVvj9fhRyeYT8PsQiUcCuqTJSp1LPBCIiIiIiIiKi5sRf/u9gMjGrqLaSWQMCsk6POpBAkC8ArzeAqirx/X/fgzdOnkBXVyvKxWkc2v8MDj7/bzh96BlVOIPbb7sFMzMzmJ6ehmVZGBoa0hlBGzZsABwH+dlp9ckpYERERERERETNjItAX20Ln+6Ss61+fhFoS23FeowuqjZDLwpdBfwm4HHw2vGX8fR3voWk34vbNvYjNXoeIyOnYQZNGGHgxl23YsvOu3HswKuYmJzC0NAI4ok2bNi0GTds3YHx8WmUqxZ6N1+nKpbVg4iIiIiIiIioGTEAdLW9hQCQrW4uo4I3B9+EYTno7V6NRCgOj6rk3Plz+MG/fw9z6Rns2LYJ27ZuQDY9jmOHD2Lo/CmUixlEI0ncvOM92HHjLhj+II69/jo2X7cVZrIN+clpPP3dPZiYmsZ73vNebLv13nqrRERERERERNRsOAXsHcwDC/n8CH749Nfx/aceR2rqvDpXwtzkEAaOvIbRc2cQDwdw086b0dG1Cus2XQ9/Mo6JTArecBBWzcZLP/kJvvPU03CqNrbcfifMeAKoVpHJ5vHa4cOIRuNYuXJlvUUiIiIiIiIiakbMALralskAksdvGHKyBtu2YTa8katcmcPePf+Mw6+8iIQ/DpRq2Lx+C1Z2r8HeffthRoL40K9/BN1ru9V9Huz5wXfwxrFX4PcBc9MTiEWSiPhbcfbMMDZs2IRdt92OjZuvx/jYBJ5++hlkcnn8/u//IULhKHwxBoGIiIiIiIiImhUDQFfbJU4Bs+0qarUafD55xTuQyWYwNnQCz373H1CaGMTGxCp4Sx44FaBQMzDnNbHr/g9gyz27dfnzx4/gpef3YXp8GIbPgRnywao5sMs+5LJFGIaJ3nVr0bduPc4ODmF6KoW73nMPbtiyDd5AEPC16HqIiIiIiIiIqPlwCtg7yHwm0LyBgQH8+NkfwWtXsSYcQWJ0FsnTo4i8cR7mwFl0+U0ETRtwyijPTuCNZ19AbWAc3UU/olkDYW8cuWINtmFiy/abEIolcXLgHF548SAOHzmuF4O+8Zbb4Y3EAZ+/3ioRERERERERNSMGgH7JqtWq/jRNE16vV+/n8jkMDw/j+LFjyGeyCBomJo4N4PRzL2H85cOwRydRSk/ihz98Gvue/S5+tPcZTJ47i0jFRoc3jHgtiPxcAVULWNO7Afe894O4+73vR3fPGlRsB50rVuHGm24GDPX1y4b5domIiIiIiIioOTEA9A4kmUDJZBJr1/XDCESRbO1GItGKZLwF0WAIpqeGcCQAb8jBgVdfwKtHDiIYMhHwG4BVhdc0UMjn0bNqNW7adSsSnd248aadeO/778O2G3di1x27sf3mXSgXq0BN/grwrwERERERERFRM+MaQFfbJa4BtHAR6NnULGYmB/GDp/4v4nOzKP7oNbTlbIRME5NGEbWda1HubcVcwEG1UMG2+GrYkzk4eRuIhJCOB7Hr3nux5cY7Uak68PsCut7x0VH4g2G0tnaoIw+sqgXD9MD0zF8nIiIiIiIioubDANDVdokBoFrN0pk/htF4Qxkn3ziAiSOvYXjPfkSyJXQmwsh4iphpM1HoDCHltXUAJ1bxwklXYJQcBEMxrNu2DXd+4EPwhNqRzVcQi8RUfR44Tk21IVO+JOvHQE0dO2rf1OeIiIiIiIiIqBktO/dHwhEOavMH8qnjE/K5YNNlfrrN31Pf5iv56fGim+KWa9z0Nau+/bSse9mub7qoXNP9UWVt2WSKk6yxU1XXLVVu/l5d2K1SlZe+2vp6/aTcb6mycihF5A+5tX67nC7VP/UfqgkpU1Gb25/5PqkbjPqN8qk2aWP+P9mfv89SbRmOFwbkDWAeVFXfq6rfcm3j5m3Yeufd6Lv7vaisWY2peAJ2VzescAjlagWlXBY+04vx2VmUJZMnEQMiAfT2rYQn5IVVrSIaSaqavMjlC6oPPt1GNpfTnxIM8uh1gIiIiIiIiIioWZl/pdT3F1WsFmGaHlhWFZVSET5ZqFiShmSr1dSn2qoVwGMAOnvF1oEP+c+yyzAddV5vEgBR13VARMqpUraFbDaNQDCAcqkEr9fnXkI1q+71qbYMVXe1MF+/BHUMD/KFPEx/QMdepDZp0VCbR4508MeWqIq6WFZX1f12CbZpQP0JvwRZLFXXZA7w+tUTsFFyCrA8QK6aRthUbZargGpfgiWO38B0toCIR/VNqle3q95gRI0t4PEiMKkOVHXVgLp/flcPIVNMI6j675HoUDkPxy7C8DqYKc3Co55hTp33wKt6Y6g/DRjS5ap6amqchmmqR+agWCvAqyoMx5LouWGn6n8AZ1NZVEMBpFRfQ5EAPOo7yEzMoSveC48dgtejznlMnD57FOGgH50rN8EwIqpHssi0umbMB5nkO/Go/kvwR7WozhERERERERFRs1o2AOSpr0nj83jgk4CM46BWzMvcMXW32iSo45Hgjipk1FApFmA5FR008nlMXV6HRHQGzHxuTLVchLoMQ9UdCPp1mbK6z5QgjtRjWbArZZgBdb8hGTyWakOCFtKWof5Xm6ogXynCkYCJ6kO1WoRf+louA6Wi6psqX1Ptqb5I/zweB351ey1fgSHBHCnnM1CYGUM4GYYPVYRN1Z4Ej2xpS23ZnCrrQUQCTxIhUv0ySgUEfOqcobaqOidpP6qLphpGemoOLV4/vHYFYa8aSyWv2lH1qTr0G94NCxG/F341Tgn9TKWmEQ7E6kEyKSbjMnTwR2crqWdWc8qqm6pyTwDdff3IFHI4cfZNtLTFkJqeRiwYxfbrtmNmMo1Soaq+BsnuSSMWDeDsuWFkcj4Ewy2IRmP1mJ2jP03Tq9pT/SciIiIiIiKiprdsAMi2LTiOLTkjmBofRSQUQKWYg9dbUxfLQLmAaimn9qvwBHwwfSa8pk/Hg6yqZACVUMnPolaVLJgyPEYNVUvd5zg6piNZPbnsHKKJGCRepDN4JHjilGHIW61g64WKPQ5QKRRgBgK6nGT8OHYFQa9P9a2Go4dfQTmfR3piAsmOFeo+VfnQoOqEastWfZU3XmVKqM6mYLZEgbgP8FvwqfGgUgGGR4A5NY68lMtKR4CwX42vCIypa7m0qkNdz8yo8mV4JUtoRp2T+NT504DPQTSsOjaprk+MqfvUNdUfzKj2JVCUKQDj06pcCEhn1Tj8SMhz8pqoOR4d1LqgVkPFY6sxmvAZps4SgqMaquVw7MhBDJ0fQFsiqbph4eabbsPuD9yHWMiHdGZaDbU8P8HMMTE6kUFP73XoWbMeoVAIssaQLPkkr5x39+WTiIiIiIiIiJrbJS4CXcPU+Ai++Y2vIxkOIRIy4dSqGB8dRkdHByw9vcuH1evWoWf1Oqxa149iuYI3jr6GgROHUC0XYHq8KKhz0VgLSmV5VXkApWoFjmUjHA7jwx/+MF7c/zyGzp9HMh6FZVmYncvAH03A9AYQkswa04OVXd3o6+tD17q1EgVCvpBDLp/HY3//90DVRqeq/49+9w9QnE7hn/7uv8M/cBIdpolazQ+zpRWZkGrrj38XkZs3w1Htm+NZfOuv/gZGJg+7UIKlKvUkkzhbyeGRP38Erzz+zxg5eAihXBntrS2YKuWQrZZ15k7VMlAzAkAigsT61bjnj/8Ie//4MwhWikjnp9HavQapShTZkuqqtwaf38DatWsQ6WzF+g99ENi+BQiGoAYIWLI2j37UqrCNrL+mg25hOVHOqMdr49k9T+EnL+5DWN3jQwDdK1bigQ/fD29nUt1TxDNPPo6zZ8+qdkKYmy1jw3U78d4PfRyxpATEJIHJglem8CnytVcqFQQCfPsXERERERERUbNbNgNIEmFkKlU+m8HLB17EyPlTmJsbx9z0OGy7oPankM+lMXD6JMYnJ5DPF3H99TfArtoYGT6LVw7+QJUdQrlawOTkKGq1mrpnTmf1zM7OoFQswOc1seOmrRgZOYs333gdqdkxdX8WtmMhXaigXHEwNzOjA05DZ0+jnE8jEjCRaE/AYxVRzGVw4uhhOLalp1btuvkWZFJpHPnuHnQceROJo6fhOTMC79AMqqNT2LxpPXw7NsxPNzt0Csf/25eRODmG5MgcQqNp1FIZVP0e7Lz3Hpzc+13kTr2J6OAknNEJZLJTqgULnlJZZwJNTY3DMWSKWhWbtm/B0ae+AcxMAOeGUDs/jdqkBWOmjMBcFuUzgxh96UXYAyMonR1CR/86oCMJvdCPjsOZ6lmrfY8HVVPymgwE1WZYZfXcj+GF57+PSjGDtmQSkWALdt10J1rX9Kl+lJCZPIsjx17G9Ixqs+ZBS2sv7r3/QSQ6VkLWTSoUCjro4waAJBjk9/v1PhERERERERE1t2UDQFahAtuyEE+EEQp4UCqkgFoJrS1hfPw3fw0b+lZjrdqKxQLyhSKymQJu2HojIvE2PS0pHiqjVJpFOBzC6tWr8Wsf+Si2btuGbarMqlWrcfTwEXhNE9u334DVPStQyKd0AEgSU9b29+NDv/oJbNu2Eyu7VyAc8GNy5DxymVm9qHJrNIhIRyucUg5tbW3Ysvk6tLW2o2fz9QhHW3BLWwcSh4+idWIG7Z4gwoYH1UIB4RVJxN+/U09bw7/sgX3wCGKq3x01H2KOCSMSwAOf/SN4bt6EtZ0tCM3MITyUgjOXxe5fvR+b//wRbLjrHmy85x7UsmmcGDoHXzKGrQ/cj02bN2Dm2DG0ZCqIGAHc8dB/xKb/8IfY8KH34PrVXbBHJ+DkcxgbPA+U8mh7321A0Au4C2DLWkMSD/IakIW0A46D8twUvvPtf8Ksei7JeEyN3cGdu96HvpvVvR4vMhPD+NennsRsehYevYB0AHff/StY07dFfcOy4pCq0jAuZPsUi0VUq1UGgIiIiIiIiIiuETLL6KK8AT98gaAqaaK/b626wUK1mkdqdgTJRBCrtm7Aut6VCAVNBANevcBzLiNr41SRSMbR2dGKVGoCE+OD8HuBRHsHjJoBr+FFV2c3NvZvxPp1/ahVLYRa27CyqwN+n4GaXULA70FXV7feNm3ahBu33aDu6YCs65OZHkchPQ3k53DklQMoZ+cwNzuj20dRbarf2LEDc9kZjJdn4bSa8LX51ekahk8dBSoZNaYyzp14GVWngM61nSj7qsiW5mAFAPODtwKqPO68FalgBMOpPCadMszefmDDZuhFort7sGb3brTvvBkR1T+0tgJ33YnztRrG5oqYcBxk1kWA+zYAD1wHfOoe9P3OBzEaLMEyK3j10IvAyFk19hwqqML2OkCtoqeBBWSrqP5MjOHgT/bj/Nlz8Kr//F4/+nr7sGHHdvXt2JA3jJ09e149XwmK+ZFs7cG2Hbfh+u071CA8eg0nCf74fPUpZopkAXEBaCIiIiIiIqJrxyVGAQy9WLNVLqFUKqK9LaGDPXphYquE84OnMTx0Hl5PDa2tSSRiceh1bbw+PfWoWiojEg4j4Ati6ORJPPnEN7D/+f1wLAcf/+3fxX0f/RiirSt0BkxqZk6/Ht5nmjpLxXb0+7AQiISxcmUXWhIR1WYFqelJzE6NojA7hUMHX8JPXnoB33v623jzxHHo19JbFpBJIZYMwxsAkhu7EOttQzRgYubNN4HT54GhURSnJjE5O4KOW7Yh0pXQC08Ho35VR0Zt8vp5E+l8Ra+j0xlbh1rOQvX//Av+15/8OY7/vyfQcd+v4Lcf/TI+8pn/AkRagMFJtMZWoCPRDSMQwbSpnlGkhrInC/R1InHPbcjm5tATTSKUzqN8bhSeYkENvYYqVJ/lrWfyVjX1LMyahZMnXsNzz+3Byq7V6GjvQSzUjnve80HAr746K4djrx7AfjX2eKJTPaso/IF23HHHB9T1oKoAqKk6hG3b+rsQEgySdZdkGhgRERERERERNb/lA0CyTo68wt1x4PN6USrmUSqV9ALC3/7mN/D1v38MP/7Rcwj4TERCYfzKhz+McDSk7nFQzcrbtAy0tnSq+70YHhrHt775FOZSGUxNptCW7ABsPd8JlZQq65hIxFv1NDI5F43GgZqjO+mUy/BEI4jHIjrIVK4U9bpE4UgIv/rAh1U5G+1tLYiq69lMRtJcANOErfo9XgbCG3rQdst22IUcopM5YO/LwPEhVEbHYUo2zF27kHIKcNRYi6oMYjHAFwAyFrp9at/xoFqx8YN/eQp7vvIE+p0YEjK8RDuQzavySUC1A7MFvuE07NkcfHkbvQE1hlQeATMIpFW5UAt2xFYgMZjCurkaAoOzQM5BAJZ+9XvZK0EgVZHHwtFjr+C5fXvQ0hJXz9ujnmQM27bfCbOtW38nmclB7Nv/Q9VNL+ZUP+PxXtxz90cQjKvrmgVffZqXvPlLgj6N3PWAiIiIiIiIiKi5LRsAsosS1VBMUwcRIuEYgoGwxFuQnsuhXLIwM5NCwB9CW1uHft24XsBHkeBDLltCajYHq2ogHIqhp2c1oqEogkEJRqjmJcjiGPC3dqhjL/K5siqXhKH2M2l5dby8Dt2SdYy1qi1T0KqQsJAhWUYtLaqKEGynhmg0itnZWUQiqg+STVMuwPJ4kFgRwNGZMaB3BaKJJFqNAIr7XgWOnsPc5DRuuutWoCOCWjIMMx6Gx+8DJiZU90zVP8l0qmE2O4NMOY2uznYkwiGkJsbgV5d1O/HIfJBMpm/ls+hOtqhH4EX7ihbUZDqavIa+pjYJxuQL8KmxOaqsr2So8+pcJCEVIQ95zb1qT50aGz6Do68fQjhiIlfIqvr92Lr1dmzcebcqGURq8CxePLAP/qCJyelpJFq6cOut70Nrx1rVJTewI6v/yEZERERERERE17JlA0CmzwQcGzKlqlypwFK7+XwJ8Vgbdtx8G265dTdaW7tQKNUwm0pjcGhE32fls0AghM6OVQj4owgG4kgm23HTjl3o7V2LRCKBialxVDMpzA4N6Xsky8YwvIiEk3Dkte2ODz4JwMhaN6YDFHIoFsooWQ78YVVnrAXy+vlEaztsdV/VqsGqlOHRb9VS90SCyNo2KpEIZiSw8qF70bm+X10zMfzKCczt+TFS+Tzabt8J9KzAYCWD8VIeGVUHwpL1U1Nt51EJFoG4g2CbH9vefwt2f/JX0LZtJaykaqM6C0ycBlLngGBF1RNBypvF+eIY3pwaQNpbUnWpxyzD8Kl+ZWeRiwQwox59NRYFkmoMat+p1erTtWxk5ibx8ks/wuj5U6jaFYTicWzcvA1bt+1SfQqhOJHCq68dxuDYCArlkhqvD5s3b8cNN96CQDii7pH1fpb9aomIiIiIiIjoGrF8lECvHVzTGS4ejxc+XwC5nCzwvAJbd38Q193xfuy6ZTeKpSomJqZx6tQpFNNz8AbVjeqeatWBVfPCrhnw+YNYu3Ur3vuB92H33bcjGgvhe9/7N3zn6X+FlUnp5izbQdVykCtUYJpSh8xBs1DN5TA2OopUJo2qbSOabEOifQXsfBnBeAsiiQTypSI6Ozsh6xXBrgDBABx4MT2bh9cfBcJxJHr7MW1lUcs7OPnaCQSiMUCCQkkJOnkQCAThd/yqbBuQqap6bJi1CoLqszQzrepU137j13DP3/4Vuh/6PeT/5V/xD3/6X7Hva18DZsYhr3SvlLNoiwUR9ZlolwW05c1eqj1MF5F/5ThSamyzhhfG6lVAX58anweGerYtnojqrYVXD72AgTcPIxbxI1sooqe3Dzfu3AlPPA5UKnhj4AyGxqaQyZSQy1dx/ZabcONNN+lvU4bu83vUuE0UVFn1AOWxEhEREREREdE1bPkAkCGrEQO1ahWj45OoWJJdE0BqroTBYwNACdi4eTvisQ6YvhDGJqbw+uuvo1guIDU5oTOCTFmFWTU1MTGBzPgQZlKTSGemcfTE6zhy4lXMpibgDXhQTk0jlUrpQJPXF0SxUMHA0ddwUm0vH/wJDr18AJMzs/AEwuhavQ6dq9ei4ph4/fhJ1AwvynYNll3BhLxivZBF7tnnELYDiFUi8ExUgGdfAW68DSFPO/yqDp83jM6Va4CuXmDvS4hXfOgMtCCUrQHfehaYtoDXB1A6NYI1VhC9CMB+7hDw8nFgcg545Rhye19D9ukDyL1wAkirZ/XtPfCniugPt2KjJwrrRVX22/uA//1vqD36TRx8/HtIT2bg6VmFzjt3Aev71PNU99W8qvYaTh5+FWdOHIFVTcMMOGhtX4Xe9TegfdUq9QhVuaCJdRvWY+WqfuSKHrS0rcHNu3YjuaITNdvWs9bmBeD3xtQnM4GIiIiIiIiIrnXmXyn1/cXVZEFiYPDcWez9wQ8xPDiMSCSMTCaPMwPnsHZVL+Id3RgZGkOhWMb45CTGJibR3tmO8bERHH7tZTiOTG+qYWJ6GkMjQ3jxwH6cPX8ar7x6QAcsVq3uxtYtW/DyK4fw+uHX4TE8MA0v0pk5nDp9CgMn38C5s2cxre43TT/WrOvHlht3oHP1OmQKBXztyW8gly3oRaqnx8YRME2sjEXwlf/+JZTfGILhGBipVpCdnsWaBz6CySOv442JEcyFDKy8bRs67tyFpz73t5gYHIFR9WIsl8Nzbx7HLR95AAe/8g94ee8+tBshxMIJHBp4EwPP78P+H+3Fge//O+xUBYY3AHNNFzbdtRv/+jefR2U2jfzkDIbzaRw4dRpDx07i5LP7MfDKUZwfHESL6n//Ax/E2t/5GLCmUwfYZK2hwRPHcfBHP0R+dgJes6KemYGbb78Xm7fcAn8ggJpdhGHUEIzH0N7SAY8njPXrt2DjputVH1QlnhoM09BZU4VCFQF/AAYzgIiIiIiIiIiuecsHgDz1dWlmUxgbG0dnRyc29G1ELBpHItmCzddtgT+WhNcBDK8P0WQCvlAQfev74TENTE+MontFp16guaOzDcFQQK/R09PTjfbOVnR1rcCKrg60trVgaPAcvKYXLa1taGttRTAYUveFEAmH0Kba6l61SrV3AzZefwN61q5T9QSRKZUwMTWF1pY2rF+3DhGfD2tWdKEzmcTowGm0heNo7V8Hs7cHofW96Nm1HcUIMBiswrluFTZ+9B7E+rpx5uhRdPWuQ+f6DQhtWItSbzdu+OB7MHDqTZjxGIKrVqr7+1BS/cy1xBHbugVtW7Yg5ZiIbLse9vZ+bN6xFeePncaatf0I9ffA078alZUd8Lcl0JVsx4pVPVhz8w5s+vUPoeWj74N353WY8Nmw/BH4nCre+MlBTJ58AwGriJDfQW//Ruy88wEEox0wUEHFzqFcLcDvC6nn2I51a67DihVrdMYUTAuGYavvSqbd1dR+AKanPgGMMSAiIiIiIiKia5rhKPX9JRTVJoshewBZHNkMqEMLhekZhDvkzV118tr3XBa+eARWpQSvrH3jVPR5WcPHzqZhyqvV4cAq5uENRfRtopTNIBiTN2FJpMJU7ciizz7VpExfmg9Ayf96JWXTr4rJeQ9Kqp3515x7UCikEQurOkuqvxL5kLduZVX7tro+lwbiYUBeTy/r4oTVOXljl1FVZdUm9RVV2znVV1u1Yal7O1R/qlJG1j9SfUpnVfNqTKak66hzAVVHJgdE2lSdski0Oh9U92ZURwcH1f3x+YWf5Y1iJXVO3vgl4wqpOhKyBTCtxjqDMloRQbus/bNnD0aPv4652RH4VX0f+50/gNm5DVWpyFHP1qMfAhxHtWWFIAtmyyOrlMrwhSXoY6Ogxh8MJNRpPwp51T15zAwAEREREREREV3Tlg8AWYX5hY3zJYyODetAjN/vBWoOPB4JvBTUsR9WzdafolStzJ+z1Ke6N5/PQpqRBZpt20Y2m9XXq+qegNenr1mWpTcJ5vh8Pl23nHfsGrx+E6VCGYbp0QtD27q8jWg8pusKhELwelQ72RwCqkzA54dhW8in0mgNRXU9Na8XjtcDu1ZTQ3BgGGpTZWuyuLV6Ai2BMMrZPKplC+FYHHnVz1y5iGgoiJA/ACufR7lYQiwaRSAYRLZcRqFckffSI5xMIGtXkM1lsCqagEe/Ma0IQ41BpmZZqs4W1Q8ZU1bVkbZKsOIRlFTDZiAIp2ohIX0uV7H/x88hMzeN99/7AazadJ16HlH95jXVfcVGsVhASNUlb0yTt5mpoc3Hwwx5du5XKUEqebNY/RoRERERERERXdOWDwA5Zf1RLRaRTqdRKpV00KdcLsPr9SIcDsM0TX3skiCPXJt/c5gEbQxUKhUY+o1eqq5qVZ8Xcq8O9KjNPSf7UlauSVuhUEjXKQEiOSekPjdIJJ/uvpB9aV/Kyn4ul9P1BQIBXUbOy5pE+Xxe1xnRaTJAUY3RHY+MU/alHdkkYCX9kP5kMhl93NLSouuTeuT8ihUr9L60Lc/DrUvKSz+kfRmHOzapV9p0+9PW1qb7Ic9n1apV8AbD6mH4VN2qX/U+uuYXfFb31T811Repx33Osm9654NyRERERERERHTtWj4AVCvBrlR0oMPrm38tuyNBDNkXcns94KCnXXnqKSeSzePzoCIZQuGgPiVBJF8opPcv3KfKSVBEgiD1NBdYpZIOmHj8ftQk0FNvVxWsT8FahFufKmNVq/qUNzjfbimXQzAc1n2TuvU4VD2N/bHrASwzIG8sm++De38xm0VQ7V8Ys4yt3lchfZSgy4XrdW4d8inj09eXGEM5n5/PfFJjdjlWDYY3iFKxhKD73Oqqqk0JNOlgj2yLku+CKUBERERERERE17pLywCybVTKZZ0VI5sEKiRrRgIQY2NjOjNG9iWbJh6P62CRvLFLypheA5FYBBV1n2S7JOpZLoVMBmFV9udIZk42qwMmwWhUn9IBHAnGSKBDnXePJcPFDZjoYI7ql2Qpyadk5EgQKRaL6X6F9PpDQDaV0ve6gZ/G4JCm+p5SfZdxSDBIAjMSoNJ9Ve3NqmutnZ26qASGZKzuOMaHh9HV06P35ZkNDQ7qtiRbSD4D6nlMqeclz0r6KBlCkjEUa2mZv0fJq/5LZlAikUAuX4RjyBQ56HFMTk6ivb1dr3skASDpl5uVJWShbdmkfqGDarJ+EYNARERERERERNe05d8CJm+W8sj0qhqmpqcxMjoKy7ZRrpRx9tw5HZSpWhZK5ZK+LmvsFIoFnDt/Xq9I09rWipmZWXVtBtlcHuFQGKVCESMjo2hva1f3e6BuglW1kFfXx0bHMKq2uXQG5VIZiXgC588PwjQlaOLXr4g/dWoAmUxW1yv1eWCofo1hcnJKv6ksHIkim83pNquWjbQqW1B1p+fSel/qCqn7rEoVz7+wH/l8QffFUOePHj6i6+/uXgm/14cDBw7KckdobWlFWvXp+PETyKh64rE4yuUKRlV77R2dGB0a1vvSl2AgiDNnzur+ylpFRTWOadVXaW9wcEjXV1LnbDXug4de1mN3n8WZ02cwPj6h+zg4OIh8oaSDTBLEOnbsmKrTC69polqt6KllIp2e04GkQMA/H3Qz578vCRx55D37XAWaiIiIiIiI6Jq2bGpIVbJLajV4AwG95k0ymdSLOXd0dOgslo2bN2NdXx9Wrlyps0/kulyTT1nHxu8PYm5uDsViWa+Lk8sV9Bo3spjzfNaN2kxT1R/SgY5yuaozWxzH0EGPXDaPVCqlj03J9vHMZ88Eg2GdARSKxvV5vTi0BKbU/ZJZI9clEyaqrksGTiqV1v1obW1Hq7y9TNUj/YjHk7qe8fFJPU6fL6CzbQzDxNmzZ9V+QmcTjY1N6P4kk636uczNZfR9+hXsyokTb+o1gCYnp/W0rKmpGfT09mJ17zr9XPL5os7skX5KFo/UK1lBLS1tqg4P5lT/irmcKjO/GLY8p0wmh0BQxhrUY5YMKrkmWT9TUxLsGtNtSraQtCFZS371PcmaQDLNzaxnAhERERERERHRtW3ZAJBPFiKuTyOSoEUgEJI4CWxbFhwGUjMpHbwoFGSKl6yjI2/xCuhr8jk6Oo6JiSkdwJHghgRS5oMxGaRn55CT16vrbkjWiiyO7NNBmba2Dv05PDyq75+ensW502cxOzWjgylSTtqcU+0XcwXMqrqkDmlX2pEysi/lpK5QKKKDNfMBHA9sVUauJRItOig0MHAGx4+dQCQS0+ekTTkn16Se06rtwcFh/Qw6OmSx5yLOnDmnAzUDb55CtSoLX/t1P0ZGxmBZNUyosU+OTyKtxijlpYyUl305J/vSnvTt1KnTOogkAaHOzi7dRzeo5vObCIUDaO9oxaqebjiwkS9kYdeqOoFKknxkqp1O9kFNtSPfRU7tSw4WEREREREREV3rlp8ChhpKhQK8OvvGg1KxqDNSYskkfF4vzp07V89smX8T2KqeHhhqP5NOo6OrS5fx+wPYsHkzErG4zo4JhyP69e0yRUmmLkXUsenzoVquQLJqkskWnSUjr2OX+2UalWQVyZQvuV6rOTq7SKZkSVaPTKWStvv6+vUUqI6ubgRUfa2tbTrLJ6E+Q6rPMhUqrtfbMfSaRAHVbjqVQq+6z7YseL0+9Pb26vpljCtWdOmspy6pLyBvEIPaV+faOxANh5HL5XW2kPRv+/btiMcTOutIxiv1yHQ0GZ9MN5NATm/vWp3NFIlE9TgSiaSut7tnNTJqHNL++k2bEAoEMTo6qu6J6WBRoSjTuwI6+0f6Ip8yXmlb+ifHkiEkWVcytlptflHt+ewkCa5xChgRERERERHRtWz5RaBh1T/pF++tZvBI4Gc+u4qIiIiIiIiIrl2MDLyjMXOHiIiIiIiIiN66S8gAIiIiIiIiIiKidzNmABERERERERERNTkGgIiIiIiIiIiImhwDQERERERERERETY4BICIiIiIiIiKiJscAEBERERERERFRk2MAiIiIiIiIiIioyb0rAkDr16/H1772tfrR5ZN7DcOoH12ctPWFL3yhfkQLybORZ0RERERERERE7x4XDQBJ0GS5YIgEA6TcYtunP/3peqkrJ/WfPn26fnRlPvGJT8BxnPrR0u6///4raqtxzGfOnHlbxv12u9j39Pzzz9dLXZwE0v7sz/6sfvTOJ9+nO0YZv3w3jeOW667G5yPlGsnzWez8lXDbWezviJxf6t+blF+qf43k/sZxEREREREREYlFA0DuD95LMTAwgMcffxz9/f06yNK4vR2kfqn7F+H73//+ZbclP7Y///nPXxjzvffeiz179tSvzj/Lq5VRdDl1L/U9Pfzww7jrrrsuKcNKAmky1l+myxmzfJ9uf2X8fX19eszyDO677z593SXX5ZwEAKVco8997nP688knn9SfV8LNQnvooYd0Hx599NH6leX/vcl4Jegj90n/lvo7KvW8mwJ0RERERERE9IuzaABo9+7dF34ovxWNP3Kb1TPPPIM77rijfjQfSJAgkMsNHlwNb0fd7nf04x//WH++013umB955BH92Zg1I3XI99Z4TvYl8LMw+OOel0DZY489Vj97eSQw81u/9Vs6eOP2p9Fy/94kqPMXf/EXet/ty2JBMBmXXCMiIiIiIiJa6KqsASQ/TuVHr0umvTROYXG5x7I1lhcXmyojlrp3sbakP3K+UeP9S2W/LNbnheRHu2TQNAYT3KCKtCmBBvkB79ZxJc9isWuL1X0l3LF/8pOf1J+uxdpcjPRDnq87Jvc5Lzxu1Fj3wkCGW59sbhnXlY5ZMnsas3d6enr0Z+M52V/4DISc/+xnP6uvSQDnYs9iKRKYkUwk+bsi/b6cKVpuexIkcq1duxZ79+6tH82TOhszmoiIiIiIiIgavW0BIPlx7P5gb5yGIj9M5ZpMi5IsB9mElHOP5cexBFFc8kNffjTLtbvvvlvf32ipexdra7F1a+T+ffv2Xbjfza5Y6Mtf/rKuT8otxZ3u5f64b+ROX5M2pI4reRZLXVtY96WS9qVOd5PMFLm/McBwsf40cscjz1e+Jynv1t943Bhgk+9WpqLJNfkO5F43CNRYn5AyMkb3+pWO+VOf+tTPZO989atf1UGhxiCK7Dc+A9e5c+d01o1ck7b3799fv3JpJDAoQSupx30ecrww8LWU4eFh3W6jNWvW6GfhkrqW+jtMREREREREJN62AJD8SJUfuLLJD3yXu66OrH3icgMCbhDC/cEv2Q5uxoOsN+N+Nv4Avti9i7W1cN0auV9+/Ls/9mVKTuOPaSE/1qVuGcvCKUELyXUp5069kfsk+2Uxl/ssLnbtSjV+T7LJs5G63YDE5bTpjkfqcL+vxY4HBwf1vlu3e02+g8apVY31uVOlFssguly7du3SgZfGMUhQSAIxEqBxp3ktJP2VQJZLvrfLnQZ24MABPSY3K8ydwnWl08kWcse0WPCKiIiIiIiIyHVVpoDJD/zlfpDKj+LGQIRsco9kWCz3o3+pey+FG4y4GMn8EZcTaJEf+NIP+XEv97vBjktxsfG8lbFeCgm0SJ/dQI+4Wm0u9uwXy/B6u0nQRYJ+kvkj36m0KUEhIQEa2Rab/vWP//iPOkOqMRi2MJB0JRqDSsuR6WoLn488R/ffiGTKSb/cPsrfPQlsyT4RERERERGR66oEgC7Fwh+1EjBxf1gvzMhZ6GL3Lmfh9JnFSAaKZDEtNfWpkUxbaiSBIAk2XEqgyXWx8byVsV4udx2jq9WmPHupu3G9JCEBp6vtfe97n556JwFGCf64QSEJ8sgC2AsDXNJHuWdhIEz6KoGkS+VmHy0cc+NC4Rfj9qvxfslQk74JyZpq7J8E82Rcsk9ERERERETk+qUEgNwpQI3BE/khLj92H3zwQf2D2Z1GJYEHOZZMDAlEXOzeSyH3S32Na7DI/sIf6FJOfkgvDPAstHA9F6lHzrlvBnMzNaTvC9sQFxvPcmNdru5LIfdK1oiMVYIib/X5Xoxbd+MUOalbslgu1ZWO2f17JVOv3OleEkSR70oWVV5I+rjYG7ukr/K8LjUg5gaaGscsf5cXyzhaigQkv/jFL+p9aVfaX6xvREREREREREtyFqF+KEv6wIVN/YCtX/l5/f39P1P28ccfr1+Z13hd/ZCtn/35Nvbt21e/4uh997y0LXU01rvUvYu1JZ/uObkuFt7vll14/8MPP3zhuLF/jaRMYxsLy7rXpNyVPIuLXWusW87L/lLfVWPbC7eF9yzVZuM4pb6F41nu2OWek63xe11YXvrVeCzkU44vZcwLSf2N/XDH2fhMhdumbFLG5bbnbpfTh8axLPw3svB5L1aXtOVeb+zTQlLuUp8HERERERERXTsM+UP9qKQmIZkm7oLD14p3wpivxedORERERERE7x6/tDWA6O0l06Fk4d/LWWD43e6dMOZr8bkTERERERHRuw8zgIiIiIiIiIiImhwzgIiIiIiIiIiImhwDQERERERERERETY4BICIiIiIiIiKiJscAEBERERERERFRk2MA6Ap8ac2X8NL/fKl+BL3/18Zf14+uroVtExEREREREREt5+cCQOvXr9evtXa3L3zhC3prPCfb888/r8t/+tOf1sdy37VAAjCZoUz9aN5tf3Ib/tL5y/rR1bNY20REREREREREy/m5ANDAwAD6+/v1/sMPP4xHHnlEb/v27dPnhOzv3r1b7z/66KO6nNx3LfjM4GcQXx2vH/1i/TLbJiIiIiIiIqJ3r0WngH3uc5/Tn1/+8pdx5swZvS8Bn/vuu0/vu9eFXF+7dm39iIiIiIiIiIiI3mkMR6nv/wyZ1iU+//nP6wwgcf/99+OZZ57R+6dPn0ZfX5+eHvbggw/q/YUapyzJFKmFxye+cQJPPPjEhayWq1FWsmYWkvKr71iNY18/po/lHtG4js/Hn/w4rvvYdfWjn45ly29uwdD+Idz+p7frqV9iz2f34NgTxy60JWW3fHwLMsMZ3Ybbjyc/8eTPHDe60rYX01jXfV+672fKNl67/T/fjnu/eG/96Mr63cgt53ro5YfQfVP3hf677X1l91cw9IIax4L2iYiIiIiIiOjqWHIRaJnWJR577DH9KZk+n/rUpy5MD3vyySf1p1gs+CMkWLD6ztX6h757LEEMOSckyCHX5PzVKruQBB8kGCGBFAn8NAZ/3GO5VwJILglgSNBFrvXc1nMh2CRkQeYX/+7F+tFP65dzUlbukWOpv/G4cSHnK217MVKXBJDcul78Hz/tm9QlASG5JmWkjxK8ElfS70Zjr4zp4I+Uk02CRS984QV9Tb4HOXb93vO/d+G7IiIiIiIiIqKrb8kA0Cc/+Un9KZk+suDzgQMHsGvXLtx773zGxt69ey9MD7uY6x+8XmfHuCS7RLI/JGDgHruuVtlGEnyQYIRkurjcoIYEO2RzAzqSSSSbcLNo5LMxmCHHbiBKuPXLOfeexY7d/r2VtheSuiSw4mYPSXaNGwRz23HrkjISNHOf4eX2eyHJ9JHAj0syrIiIiIiIiIjonWHJAJCs+eNm+3z1q1/F4OCgzvRxA0MyFeyLX/yinv51Mb139+rMEQnMyCaBGwkkHPnqER3g2PIbPw3EXK2yl0LudbNX3E2CJEMvDiGxJlEvdXW8XW0vFZwRi127lIyiyyXfhQSyGqeCEREREREREdEv15IBIPHQQw/pT1kMes2aNXq/MTAkGUBLTf9ySWaIZKVIYEY2ySaR7Jvhl4Z1gMPNVhFXq+ylWBgIkYwZNwMnPZjWn1fL29V2vCe+ZHm55gbMGknw6e0igZ+v/drXdABLsouIiIiIiIiI6J3hogGgxuyeT3ziE/U9XJgGJmsCXQrJNJHAjGv17av1dK3Gc66rVfZi3ClOsg6O6/iTx3UQaesnt+rAiSxwLCQwI8fPfOaZC9Oq3oq3s22pS6676/oI2Zegj9vO9/7T9/SnkHZkfaG3g/RHgkkL111y+ymZTG4WkoxDvqfGNYiIiIiIiIiI6OpZ8i1gLnnzl2T5PProo/Uz0GsC3XXXXRfeBLYcCUA8dvNjP/N2K/eNUwvfAnU1ykpmimQLyTo3cl2CJELWt3HLuXW5GuuUgIW7MLPUI1k27pu4JIDhrtvjZtM01i9r7FzsWNq/0rZF49jEwroaxyikvKvxDWELn8ul9Hth2411y7OQ8m7ZheMQEsBr7BsRERERERERXR3LBoCIiIiIiIiIiOjd7aJTwIiIiIiIiIiI6N3vqmYANU4JIlqKLBpNRERERERERFcPp4ARERERERERETU5TgEjIiIiIiIiImpyDAARERERERERETU5BoCIiIiIiIiIiJocA0BERERERERERE2OASAiIiIiIiIioibHABARERERERERUZNjAIiIiIiIiIiIqMkxAERERERERERE1OQYACIiIiIiIiIianIMABERERERERERNTkGgIiIiIiIiIiImhwDQERERERERERETY4BICIiIiIiIiKipgb8fzwzitHX5VR5AAAAAElFTkSuQmCC',1,1,1,0),(22,'dradrian','$2a$10$eybI2eFb9ZmHy0vOZwL12emMhjaiuq30ipcpPN2p94Y2.AeO.ppO6',NULL,4,NULL,NULL,NULL,NULL,NULL,NULL,NULL,NULL,1,'@',NULL,NULL,NULL,NULL,NULL,NULL,31,'2014-03-06 17:43:49',31,'2014-03-06 17:44:27',NULL,NULL,NULL,NULL,NULL,NULL,NULL,NULL,NULL,0,0,0,0),(23,'system','$2a$10$GZu1ZwxQq03W2/U.tPAAOekfq.ob4XF145sLmTGkJnfMW7.dtUciW',NULL,1,NULL,NULL,NULL,'System',NULL,0,0,1,1,'system admin',NULL,0,0,0,0,0,31,'2014-03-16 10:51:51',31,'2014-10-27 04:19:55',0,1,0,NULL,NULL,NULL,NULL,NULL,NULL,0,0,0,0),(24,'legal2','$2a$10$8LSG39H0ryEjH2kug6vBU.QM2QjwLNKZkP03pK/3y40MlyizKlR5K',1,3,NULL,NULL,NULL,'Legal 2','1234',0,0,1,1,'Legal2@yahoo.com',NULL,0,0,0,0,0,31,'2014-03-20 15:00:46',31,'2014-11-10 13:05:11',0,1,0,NULL,22,NULL,NULL,NULL,NULL,0,0,0,0),(25,'LegalAdmin','$2a$10$9Bvww2ozutzRZA5ymXo2o.vyaXycz25j0802t4D6cDl4DqMl2Dlla',1,1,NULL,NULL,NULL,NULL,NULL,0,0,1,1,'Admin',NULL,0,0,0,0,0,31,'2014-03-20 15:12:04',31,'2014-10-16 01:44:38',0,1,0,NULL,24,NULL,NULL,NULL,'data:image/jpeg;base64,/9j/4AAQSkZJRgABAQAAAQABAAD/2wCEAAkGBxQQDxQUEhIUFBQUFRYVFxAWFRQWFBQXGBQWFhYUFRUaHCggGBwlHBUUITEhJSkrLi4wFx8zODMsNygtLisBCgoKDg0OGhAQGiwkICYsLCwuLDQsLCwsMCwuLSwuLCwvLCwtLCwsLCwsNywsLzcsLCwsNCwsLC0sNCwvLSwsLP/AABEIAMwAzAMBIgACEQEDEQH/xAAcAAABBAMBAAAAAAAAAAAAAAAAAwQFBwIGCAH/xABIEAABAwICBgUGDAUDAwUAAAABAAIDBBEFEgYHITFBURNhcYGRFCIyQlKhCBUXI2JygpOxwdHSM0NTkrIkY+E0c6JEVLPC8P/EABoBAQADAQEBAAAAAAAAAAAAAAABAgMEBQb/xAAvEQACAgECBAQFAwUAAAAAAAAAAQIDEQQSEyExQQUiUWFxgZGh0RQj8CQyYnKx/9oADAMBAAIRAxEAPwC8UIQgBCEIAQhCAEJOeZrGlz3BrWgkuJAAA3kk7lS+n2uwMLocNAcdxq3bWg/7beP1j4IC2ccx+noY89TMyJvDMdp+q3eVVekevqJhLaKmMv8AvSnI37LBcnvIVNStqK6UyzPc9zt8shJJ6h1dQ2KewfRDPY5c30neazw4qyi2VckhfFNbGKVJIbP0YPqwtA9+0qAqK2vqP4k1Q+/B8ryPAmysrDdEYWj5yX7MbQPef0WwUuEYezfCXnm97j7hsU7URuZRPxPMfV94WcNFUxG7M7TzY+x9xXQIiw//ANnD4H9UnNSYe7/0sY+qXN/AphDLKXotMsUpT5tVUAcnuc8f+V1t2Ca9ayKwqIYqhvVeJ/8AcAR7lsdbo3RP9AyRn6wcPA/qtVxfQsG5bkkHMeY9No3FsaL62MPrrNMhp5D/AC5rN28g++UrHSLW3h1GS3pHTvGzJCA7b9ckN9653xDRtzCct7j1HCx8UnR4LxkNvoj8yo2snci1qr4QRv8AN4eLc3z7SOwR7PEpbDvhAtLrT0Lmt4vjmDj/AGOa3/JVxHSxsGxjRbiR+qhqmpdUSCKGO+Y5WhrbueTsFkccBSydUaLadUWJbKeYZ7XML/NkH2Tv7lsqp3V5qabBkqK5xdKLObAxxa2M7xmeDdzh1WHariVSwIQhACEIQAhCEAIQhACa4niEdNC+aZ4ZHGC5zydgA/E9ScSSBrS5xADQSSdgAG0krmHWzp87FKnoYSRSxOsxo/mu3dI78h+qAw1k6yJsWk6KLNHSg2bEPSlN9j5PybwUHhWBgWdJtdwbwHbzWWFUAiFztefd1BSglstIx9TOUvQkKZrWcLkeA7k9+MTzUF0yOmVyhO/GR5o+MTzUF0yOmQE78ZHmj4yPNQXTI6ZATvxkeaPjE81BdMjpkBMz1QeLOF1GVEA4bveEj0yOmQERj7iyOw3ONierkt4+DxT0prpXyuHlLWWhjdyPpvbzduFt9rrWpbOBBFwd4WuVET6SZskTi0tcHMeNhaRtG1ZzXc0g+x2ghaRqr06bi1LZ9hUxACVg9bgJWjkfcVu6oXBCEIAQhCAEIQgBCE2xOuZTwSTSGzImOe49TRcoCptf2mfQxCghd58zc0xHqx8GdrtvcOtUtg1Lbz3b/V/VeY1ij8QrZJ5PSleXEXvlbwaOoCwT1rrCwVoorJjrOjOm2dGdXyUwOc6M6bZ0Z0yMDnOjOm2dGdMjA5zozptnRnTJGBznRnTfMvM6ZA5zozpuHoc6ykDjOsJ2h7S07ikc6M6jJOBHRfHJcKr2Ts25DZzeEkZ9JvePeAuucKxBlTBHNE7NHK0Paeoi/iuPcVizNzDePwVy/B20nzxy0Mh2x/OxXO0sJs9o7CWn7R5LNrBonkuhCEKCQQhCAEIQgBVnr9xryfCxE0+dUvDOvI3zn924d6sxc7/CMxMSV9PC1wIhhLjYg2dI/aPBjEBWeHC1z3J70iZU5s0JwxzetXRSTFekR0i9aGcz4JZscftHwVtrM3YkIZ0Z07DIh634L3pIRx9/6K2z3Kcb0TGous2sJSrq6IbgT2D9Uk/FPZaB1naUxFdxum+kRZlOVi97W8bnq/VMZatzt57v+FP6P6GVdYQWxGOM/wA2QFre4Ha7uWc7IxWWawqnJkO6a/6LetDNAn1BbLVB0cW8RnY+TlcH0W+8rctFdXsFGQ93z0w9dwGVv1G8O07VujYbLzb9Y5cq/qehTpVHnP6FT6y9E8g8pgZYNAbJG0bgBYPAHIWBVdxTgizu4/qumJ4Q4G4vfYRzCp/TzV86IunpGlzCSXwDa5nMsHFvVwU6TVY8k/kyNVpt3niaNKwjsSXSJFlQW7Pcf04IdMDwsvSbRwJNdRVzriyeau8Y8hxWnkvZvSCN/LI85Tfq2g9yis6Z1Ppdqqy6O3UKJ0TxMVVBTTXBMkMbnWPrFgze+6llUsCEIQAm9fWxwRPlleGRsBc57jYADiU4VCfCD0tc6VtBE6zGAPmt6zj6DD1AbbdY5ICK091t1NdIYaEvhgJygtBE0t9l7ja0HgBtUbgmqivqh0k2WAO23lJMh6y0bR3kFbnqp0NZSwtqZ2gzyDM0H+Uzhb6R3krfJsQPq+JXm6jxCNbwjup0cprLOXKlnRyPZcHI5zcw3HKSLjwSXSdanMdp+kxiSO3p1IblAsPOcBu71drdEqI2vSQnZa5Y1bXa2NSjldVkyr0srHLD6HO3SdaOl610lDopRDYKSEfYapCHAaZu6niH2G/os14jF9Il3omu5zDGxzvRa49jSfwUjR6P1c38Olnd2Rut4kLpyGhY30WMHY0BOmxK36xvpEj9Kl1Zzzh2rHEZfSiZCOcj23/tbc+NltWGanGixqKlx5tjaGjxN1cDYQlAwDgqu62XfBZVVx7ZNSwPQakpLGKnaXD+a/z3+Lt3ctlZS23+CdIWThl5k8l9+OS5CQZZYuCWISbgocSUxBwSD2p04JF4XPNG0WaVpToDTVpL7GGX+qywzfXbuPbvVYY3q5racksYJ2e1GfOt1sO3wur8eE3kCQ1ltXJPK9xLTV2c3yZy/UwviOWRj2Hk5pafetj0S0ElxWGWSGWNronBuR9/OuLg5huHcts12UnzMEttoeWE9Rbcf4qT1MzlmHkgDbK65ttNrcV3vXf06tx3wci0n73DK/y4pgEwIMkNzsIOaCT/AOp79vYr21ZayIsWZ0cgEVUwXdF6sg4vjvw5jgl62KKrhdFMwPY4WLD+I5dq5/0hw2bA8Sa6F5GV3SQy8233O58iFpptXG7l3M79O6+Z1shRWi2NNr6OGoZulYCR7Ltzm9xupVdZzguRsUea/HpM+3pawtP1OlygdzQF1yuQsQvRY48v2dDWFxv7Ilvfvbt71WedrwWjjcsnQrz5thsG63UkcizgcHWtuO48056FfJ7XPmfRblHkUjVUeXSdoPGdrx/bm/JXTGq/0xwwxY5QVIHmyO6In6YzADvDvcVYES69TLdw/wDU5qFjf8RxGnDEgxOGJATFmpVqSalWrqic8hQL1eBerZGQIQhSAWDlmsHKrJQm9IvSrkk9YTNojd6byJw9N3rjsOmBoOt+O+GE+zLGfxb+aV1WUxZhcd/Wc93cXLzWwC7Dixou6SaJjWje4l1wPctswLCvJqWGH+nG1p7QNvvur9dKo/5P/hTpqHL2FWbCq+13UgdSQy+syXJf6L2kn3tCsiRlhdVlrprgKWGK/nPlz2+ixpH4uCjRpxvikW1WJVSbNr+DnXF+GzRk7Ipzl6mva11v7sx71a6qX4ONI5uHTyEWEk9m9YYxoJHeSO5W0vpTwgXPPwgtFnQ1ba1jfm5wGyOG5srRYZvrC236K6GTLGcKirKd8E7M8cjS1zfzB4EbwUBRurTTFs0TaeZ1pmCzHH+Y0btvtD3qzaeuG547wqM081ZVWFyGSJr5qcG7Z2C7mdUgG1pHPcmWD6x6yABrnNmaP6g84DkHix8bryL9BNTc6X17Ho06yLjtt+peWktNFVQBoJzseyWN1iLPY4OG3kbW704hKpifWzOW+ZBE08yXOHhsVlaFY15ZRxTEjMRlfbYA8bHbOHPvXFfTfBKViSR102VSbUGbOxLsTdiXapgRMXalWpFqVaV0xZhIVBWSTBWYK2TMmjJC8ui6tkg8JWBWRKTJVGyyRi5IuSjiknLCbNYiL03kKXem0x2LksZ0wIusoGzTwOk9CF5ltzeGlrLjkMxPcFOvroxuue6yqHS7WJLS174omxvjjAa4OBvn3us4HrA3cComo1sVBb5kETTzJc4eGxb16bVbFtSx+TKd9G55byW3jOLshjdLM4MY3b/wBxKoTSPFZcWrh0bHOzOEcMI32J2d53lJy1Vdi04Z85UPJ82NrfNb9kbGjrKvfVTqvbhtqips+qLbBo2shB3gc3dfgvR0ei4L3zeZHFqdVxFtisI3LQvARh9BBTC142ecRxedrz4kqbQhd5xghCEB4Rff4LVcZ1c4bVuLpaSMOO90eaMntyELa0ICltY+qWkp8Olmoo3tli+cIMj33YPTFieA29y0vU7joinfTONhL5zPrgbR3ge5dNyRhzS1wBBBBB3EHYQVyhrG0Zfg+JkR3EZd01O8cBmva/Np2eHNY31K2twZpVY65qSOgIHXCctWn6D6TNrqZsg2Pb5sjOTrb+w7wVt8ZuLheBBOLcZdUexJprcujFmpRpSbVmF0xMGKgr0FYBZLVMzaMrouvF4rZIwekrAlelYFUbLIxcknJRyTcsZGsRF6gNKMYbSU0kzjsYNg5uOxoHaVM1UttiofWhpT5XP0ERvDC43PB8g2EjmBtAPas6qXfaodu5eyzhV7u/YaavdHzi+KtZJcsJdNOQSPNvd23gSSB3q+INT2FMdfydzup0spHhmTbUnof8X0PSyttPUgPcDvZHvYzq33I6+pWMvojxRhhOC09IzJTwRxN5MaBftO896foQgBCEIAQhCAEIQgBatrE0PZitE6I2ErbuhkPqvtuP0TuK2lavphp7R4W35+TNJa7adlnSHls9UdZsgOZ8Lr6jBq5we0tcx2SWE7nNv/APiCr60bx+KqhbLC7Mw7x6zTxBHAqkdYumXxxUtkFMyLKMjSLmV4vsDzuO/YLJXQ2kr6aQSxDo2n0mSEhrxyLd/euLVaPi+eHKS+51afU8Pyy/tOjInAi4SgC1HANIWzbvMkHpRn8uYWz09c12/YfcvNjPa9k1hnbKOVuhzQ6AXqyaLrLKulRMGzBeJTKjKp2jIkViQlsqRmlazee7iqyWFlllz6GJCZ1VQG7Bv/AASFbidgduVo3kqudK8bqKmN0dCQwHY6VxLXuHEM5dq54xnfLbUvi+xs3GpbrPoMdZenIYHU1M+8h2SSj1RxY0+1z5JvqW1fmtnFXUM/00Ruxp/nSA7NnFo3nrsq4r8Olgd89G4bd5vZ32hvV26A65qYRx09VCKYMaGNkiHzIsABdu9nvXsafTxpjtXzPMuulbLLLpAQkaOqZMxr4ntexwu17SC0jqISy3MgQhCAEIQgBCEIAWE0zWNLnuDWtBJcTYADeSV5UTtjY573BrWguc4mwAAuSSubNZ+saTFZhTUmdtMHZQ0XDqh17AuA9Xk3vKA2DWJroLi6DDSWja11Wd559EOA+ke7mq/wPRCprndLK5zWONzK8l0j+sX2ntPvWzaN6vuhDZKoB0ptaLe1nLN7R9ysc01tgGwADw2KyRDZqWEaLwUo+bYC7+o7a7x4dyk3UuxTPk6PJ1Yqa/gtMBVFjhskGw8nDaLHxW1tpJGbjmHI7/HioSvpS1zXt3tIIPYVu9ARNE17dzhfsPEeKyuprtWJrJpVbOt5i8ERHUPZ7TU7jxZ45HtCk/JlCaT4hFRxZnNBkd6EfFx5nkBzXny8PjHnCbX3OmXiCjHdbFP36D0YwfZHvWLsYdwACqSed8r3Pe45nG+wkAcgBwCntEsdELxFPtjcfNkO3ITz+jfwXPGixvDs+xwVePaac9vDx75N0lxF7vWPYNn4JuWvdub3u/RT8dKLXaBY8RZZeTLqh4dXnM25fE9CWtnjEEkadjNN0cD5HnM4CzQd2Y7BYLXcMorNWz6WOzythG5vnO7SNg8PxSUNJYL0YRjGOIrCOKTcnlkPNQte0te0Oad7SAQe4rUMd1eMeC6mPRu39Gb5D1A+qrK8nR5OrPmQUto9pNX4FUZWlzW386meSYni+8DcD9ILonQPTymxaK8RyTNHn07iMzetvtN6/wAFpOkej8VUxrZWA7wHes3iC0qqsZwOqwWoZNFI4NDrx1DCR15X9fMbiqNFkzrZC0fVjrBjxaHK6zKmMDpIuDhu6RnMdXBbwoJBCEIAQhavrJ0mGG4bLMD84R0cQ/3HbAe7ae5AVTr207MshoKd/wA2z+O5p9N/9O/IcevsUjqv0D8khFTUNBnkF2NI/gsI2faPuWm6nNFvjGvM0wLoqciR+bb0khJLWuJ37QSexdD1Ed1KBrLqa8g7b+Cc+TqQ8n866z6FTkqRnk6PJ1J9CjoUyCImpLhK6MzdFIYXei83b1O5d6kuhTSqobm43jigJjEqpsLLnaT6LeJP6Kn9I2Svq3umJLnbW8svANHABWZ0DpHZnm5tbsWt6e9GyOO4PS3uwjkLZr9SxvWYHB4nDdQ3nGOZpHQlYyQ7NqfNxIW2xjxK9hrGOlZ0jbRhwLg3aT/wuLkfNqMc8mbtoJWSRQNZOTkP8MnewcAer8Ft2IziGIvPDcOZO4KLdShzdg2W2diQmp3vDWuJLWbgvSisLB9hVDZBR64ImkpS9xe7a5xJJ7U/8nUhHTWCz6FWyXwRnk6PJ1J9CjoVGQQtZTeZ2EH8l47DI6iF0UzA9jxYtP4jketS9RBdpXlNDZAc649hlTo/iTXxPIsc8MvB7L7WOHHkQultDdJI8So46iPZmFns4sePSae/3WWu6w9FBiWHvjA+djvJE7iHAej2OGzwVTajNJzRYj5PISIqk5CDubKL5Dbhfa3vCqWOlkIQgBc8/CLxoyVsNMD5sEedw4Z5P0a0eK6GXJ2mDzX6QzN39JWCADfsDxFs6tl+9AXzqmwAUWEwttZ8o6aQ8S54FgexoaO5bW9icRxBrQ0bmgADqAsEFqAZGJHRJepOVpPK34rGCQOUkCXRI6JO8i9yISM+iR0SeZEZEAz6JVzrJd/qY2+zHfxcf0VpZFVenIz4hIPYYxvuv+axvflPN8Vf7GPVr8mpELxPHwJF0S4sHzLi0XJg/n00TucbD/4hPOhUfoU7Ph8B5NLfBxCnMi9GLykfZ0vdXF+yGfRI6JPMiMisajPokdEnmRYuACEDN8OxeRwWSrZgXhvb+CdCNAJRsXM2uTBPIcXe+PzWzWnYRsyvJ8632hfvXUAaqb+Elh96eknA2tkfET1PbmH+BUElo6J4t5ZQU9Rxlja4/WtZ3vupdVn8H2v6XB8h/kzPZ3ENkH+du5WYgBcjYXicdNjoqJ7mOKrkkdYXdse4iw4m9l1yuK8e/wCrqP8AvS/5uQHQ3y44b7NR92P3I+XHDfZqPux+5c1IQHRGMa6qCSBzYxPmNrXjAG8H2lH0OuKkZ6Qm7mD9VQ6FOQdHw68MPG9tR92P3JX5ccN9mo+7H7lzWhQDpX5ccN9mo+7H7kfLjhvs1H3Y/cuakIDpX5ccN9mo+7H7lpeI6w6KWpmlvJaRwLRk2gBoG3wVPIVZRUupjfRG5JS7FqP05ozxk/sSD9M6Q8X/ANhVZIVODE5X4ZS/X+fIvzRLW9QUlK2KQTEtc43awEWLr8SOamflxw32aj7sfuXNSFolhYO2uChFRXRHSvy44b7NR92P3I+XHDfZqPux+5c1IUlzpN2vHDuDaj7tv7kyqtddC70Wz/2D9y55QgL2otcNI2oa9wmyC97MF9oIGy6n/lxw32aj7sfuXNSEB0r8uOG+zUfdj9y0/WprKosTw4wQCXpBIx4zsAGy4O254EqmkIDoH4NZ/wBHVj/eZ/8AH/wFcSpz4Nf/AElX/wB5n+CuNAf/2Q==',0,0,0,0),(26,'prepatient','$2a$10$6PwIK2wBUK4WuKjg7GV9ludc7dTnjbU//d447Oz5m66rBw2FUGcHC',NULL,1,NULL,NULL,NULL,NULL,NULL,0,0,1,1,'test',NULL,0,0,0,0,0,31,'2014-03-25 16:30:37',31,'2014-03-25 16:31:10',0,1,0,0,85,NULL,'/WEB-INF/task-flow-definition-cln-checklist-patient.xml',NULL,NULL,0,0,0,0),(27,'predoctor','$2a$10$oNPQxGyImTYmi95y8iylvOJOjC6MlR6/HJkrRL7QgFUi/NkK85OTq',NULL,4,NULL,NULL,NULL,NULL,NULL,0,0,1,1,'test',NULL,0,0,0,0,0,31,'2014-03-25 17:32:07',31,'2014-03-25 17:34:08',0,1,0,0,84,NULL,'/WEB-INF/task-flow-definition-cln-checklist-doctor.xml',NULL,NULL,0,0,0,0),(28,'preadmin','$2a$10$NZZagsCKMRw8lcKqPCp5Qe9G12rp5y6Lx70RJXn62.coIOL14Mura',NULL,1,NULL,NULL,NULL,NULL,NULL,0,0,1,1,'test',NULL,0,0,0,0,0,31,'2014-03-25 17:33:38',31,'2014-03-25 17:34:08',0,1,0,0,83,NULL,'/WEB-INF/task-flow-definition-checklist-admin.xml',NULL,NULL,0,0,0,0),(29,'pem1','$2a$10$JqwSQtZVWpP0dARItGE1de2j5ZsgfZS2y1Y.XVdNXwIM.gPpVdQWW',NULL,4,NULL,NULL,NULL,NULL,NULL,0,0,1,1,'pem',NULL,0,0,0,0,0,31,'2014-05-08 09:07:19',31,'2014-05-08 10:32:17',0,1,0,0,NULL,NULL,NULL,NULL,NULL,0,0,0,0),(30,'rep','$2a$10$aDWhAhK.egTBCvp2ANVncuVWBkQclLkMOb9A7vUGfJNFhUv9X2uIW',NULL,1,NULL,NULL,NULL,NULL,NULL,0,0,1,1,'rep',NULL,0,0,0,0,0,31,'2014-05-08 11:58:44',31,'2014-05-08 11:59:32',0,1,0,0,NULL,NULL,NULL,NULL,NULL,0,0,0,0),(31,'erp','$2a$10$wElMzCB6MHlhaTXMXgaOguuXdj3SA6PhymBhfsfXvTVZniysQM4Cq',NULL,1,NULL,NULL,NULL,NULL,NULL,NULL,NULL,1,1,'phuong_thql@yahoo.com',NULL,0,0,0,0,0,3,'2013-11-26 14:56:56',31,'2014-06-09 16:09:46',1,1,NULL,NULL,NULL,NULL,NULL,NULL,NULL,0,0,0,0),(32,'mbonser@komatsu.com.au','$2a$10$7vwAGO5rHgcGfwdmScaraOlo3C2vSJpspFj7DpfnWg23Q1XTg2e62',11,3,'mbonser@komatsu.com.au; dmarriner@komatsu.com.au; darthomson@komatsu.com.au','mbonser@komatsu.com.au',NULL,'Melanie Bonser','08 9351 0583 / 0400 399 642',NULL,NULL,1,1,'mbonser@komatsu.com.au',NULL,1,1,0,0,0,NULL,NULL,3,'2014-05-27 16:06:52',NULL,1,NULL,NULL,NULL,NULL,NULL,NULL,NULL,0,0,0,0),(33,'darthomson@komatsu.com.au','$2a$10$L4o7g4th8kUHc6HQaOHf7euTlDEh38tRf1W/EUHXneN4WvVc.X6ue',11,3,'dmarriner@komatsu.com.au; darthomson@komatsu.com.au','darthomson@komatsu.com.au',NULL,'Darrel Thomson','08 9351 0390 / 0417 952 040',NULL,NULL,1,1,'darthomson@komatsu.com.au',NULL,1,1,0,0,0,NULL,NULL,3,'2014-05-27 16:06:52',NULL,1,NULL,NULL,NULL,NULL,NULL,NULL,NULL,0,0,0,0),(34,'dmarriner@komatsu.com.au','$2a$10$QRvzSiz8R2c/E/6Z4WKAi.9wlCiQGq.utay0kTdbpI9NfKBAWbXUe',11,3,'dmarriner@komatsu.com.au; darthomson@komatsu.com.au','dmarriner@komatsu.com.au',NULL,'Danni Marriner','08 9351 0520 / 0409 571 517',NULL,NULL,1,1,'dmarriner@komatsu.com.au',NULL,1,1,0,0,0,NULL,NULL,3,'2014-05-27 16:06:52',NULL,1,NULL,NULL,NULL,NULL,NULL,NULL,NULL,0,0,0,0),(35,'kkelly@komatsu.com.au','$2a$10$97B0cBr9i/1.LnSOjdrIHe5qKqFne9O9/2wAdsDf3jGVQlX/m6Abu',11,3,'dmarriner@komatsu.com.au; darthomson@komatsu.com.au','kkelly@komatsu.com.au',NULL,'Kristie Kelly','08 9351 0513 / 0408955647',NULL,NULL,0,1,'kkelly@komatsu.com.au',NULL,1,1,0,0,0,NULL,NULL,3,'2014-05-27 16:06:52',NULL,1,NULL,NULL,NULL,NULL,NULL,NULL,NULL,0,0,0,0),(36,'dtheseria@komatsu.com.au','$2a$10$mCaYMVdGZjw0lhKH2Dc7IuMVREFyFSGa7RXxA3QZGVr3cz0VgoDIG',11,3,'dmarriner@komatsu.com.au; darthomson@komatsu.com.au','dtheseria@komatsu.com.au',NULL,'Danielle Theseria','08 9351 0555',NULL,NULL,0,1,'dtheseria@komatsu.com.au',NULL,1,1,0,0,0,NULL,NULL,3,'2014-05-27 16:06:52',NULL,1,NULL,NULL,NULL,NULL,NULL,NULL,NULL,0,0,0,0),(37,'mharris@komatsu.com.au','$2a$10$22fA5en.NQFKEAHdSGvGP.IRGcsNCTKuy26sQHqX/W9HgwJL1UXUq',11,3,'dmarriner@komatsu.com.au; darthomson@komatsu.com.au','mharris@komatsu.com.au',NULL,'Margaret Harris','08 9351 0555',NULL,NULL,0,1,'mharris@komatsu.com.au',NULL,1,1,0,0,0,NULL,NULL,3,'2014-05-27 16:06:52',NULL,1,NULL,NULL,NULL,NULL,NULL,NULL,NULL,0,0,0,0),(38,'mmckeon@komatsu.com.au','$2a$10$4SHhmRKzMkdAMcptzqlj8OSVbbr40ElfFUtO.3zk4kLG8Qz/VHcbe',11,3,'dmarriner@komatsu.com.au; darthomson@komatsu.com.au','mmckeon@komatsu.com.au',NULL,'Michelle McKeon','08 9351 0303',NULL,NULL,0,1,'mmckeon@komatsu.com.au',NULL,1,1,0,0,0,NULL,NULL,3,'2014-05-27 16:06:52',NULL,1,NULL,NULL,NULL,NULL,NULL,NULL,NULL,0,0,0,0),(39,'ckelly@komatsu.com.au','$2a$10$cgF1Wr75Q7eclNkOsxhVZeFe8LCQISMXgcCU7l4zZWBAXkm1AHT/G',11,3,'dmarriner@komatsu.com.au; darthomson@komatsu.com.au','ckelly@komatsu.com.au',NULL,'Connie Kelly','08 8944 3555',NULL,NULL,0,1,'ckelly@komatsu.com.au',NULL,1,1,0,0,0,NULL,NULL,3,'2014-05-27 16:06:52',NULL,1,NULL,NULL,NULL,NULL,NULL,NULL,NULL,0,0,0,0),(40,'ccouper@komatsu.com.au','$2a$10$CvECzUKI/oVjICnony98COHqNCXEOvUGqjmOQWy0eVXbLP3P1qKT.',11,3,'dmarriner@komatsu.com.au; darthomson@komatsu.com.au','ccouper@komatsu.com.au',NULL,'Christine Couper','08 9726 4444',NULL,NULL,0,1,'ccouper@komatsu.com.au',NULL,1,1,0,0,0,NULL,NULL,3,'2014-05-27 16:06:52',NULL,1,NULL,NULL,NULL,NULL,NULL,NULL,NULL,0,0,0,0),(41,'lstillman@komatsu.com.au','$2a$10$jaNa8abkg.yR6BcjSUSb/e5uF9o/WBStJYRgPZOVfEC5hAZfwzrO.',11,3,'dmarriner@komatsu.com.au; darthomson@komatsu.com.au','lstillman@komatsu.com.au',NULL,'Leah Stillman','08 9091 3155',NULL,NULL,0,1,'lstillman@komatsu.com.au',NULL,1,1,0,0,0,NULL,NULL,3,'2014-05-27 16:06:52',NULL,1,NULL,NULL,NULL,NULL,NULL,NULL,NULL,0,0,0,0),(42,'rpanara@komatsu.com.au','$2a$10$6dj/Lw6O3nE2TC/BgOJSUeHxUjgEiDZWal3AQ5rwlk2fRbkBsa.6a',11,3,'dmarriner@komatsu.com.au; darthomson@komatsu.com.au','rpanara@komatsu.com.au',NULL,'Rajila Panara','08 9351 0491',NULL,NULL,0,1,'rpanara@komatsu.com.au',NULL,1,1,0,0,0,NULL,NULL,3,'2014-05-27 16:06:52',NULL,1,NULL,NULL,NULL,NULL,NULL,NULL,NULL,0,0,0,0),(43,'andavid@komatsu.com.au','$2a$10$bF8ylExtmMoQ8ITXj4wgZee8pfYhjddRTqYwUHrfJeQ1.Q3DfXYtK',11,3,'dmarriner@komatsu.com.au; darthomson@komatsu.com.au','andavid@komatsu.com.au',NULL,'Anne David','08 9351 0518',NULL,NULL,0,1,'andavid@komatsu.com.au',NULL,1,1,0,0,0,NULL,NULL,3,'2014-05-27 16:06:52',NULL,1,NULL,NULL,NULL,NULL,NULL,NULL,NULL,0,0,0,0),(44,'bmcspadden@komatsu.com.au','$2a$10$co4zEjpxummSLJUjbqV6i.euRu1uxB9C1of9V/zOjImmcrqg/B32y',11,3,'dmarriner@komatsu.com.au; darthomson@komatsu.com.au','bmcspadden@komatsu.com.au',NULL,'Blair McSpadden','08 9351 0540',NULL,NULL,0,1,'bmcspadden@komatsu.com.au',NULL,1,1,0,0,0,NULL,NULL,3,'2014-05-27 16:06:52',NULL,1,NULL,NULL,NULL,NULL,NULL,NULL,NULL,0,0,0,0),(45,'hpurukamu@komatsu.com.au','$2a$10$2Xco12jxdmo.whUmxNj/Tup..XS20N7LO4Rne6WamLGH5C0AXYIjy',11,3,'dmarriner@komatsu.com.au; darthomson@komatsu.com.au','hpurukamu@komatsu.com.au',NULL,'Hemoata Purukamu','08 9140 2682',NULL,NULL,0,1,'hpurukamu@komatsu.com.au',NULL,1,1,0,0,0,NULL,NULL,3,'2014-05-27 16:06:52',NULL,1,NULL,NULL,NULL,NULL,NULL,NULL,NULL,0,0,0,0),(46,'cvigilante@komatsu.com.au','$2a$10$bCJEymVJnJgnvFsuL5eIrOkzio.VOZcBqVruKJF5vYbypXrZgOQTy',11,3,'dmarriner@komatsu.com.au; darthomson@komatsu.com.au','cvigilante@komatsu.com.au',NULL,'Christine Vigilante','08 9351 0392',NULL,NULL,0,1,'cvigilante@komatsu.com.au',NULL,1,1,0,0,0,NULL,NULL,3,'2014-05-27 16:06:52',NULL,1,NULL,NULL,NULL,NULL,NULL,NULL,NULL,0,0,0,0),(47,'njones@komatsu.com.au','$2a$10$TWlx9YtL4AMxs86EmI2./OpVc6YbZ3PePPkrQRGl8dwwa65nf71Yu',11,3,'dmarriner@komatsu.com.au; darthomson@komatsu.com.au','njones@komatsu.com.au',NULL,'Nicola Jones','08 9351 0564',NULL,NULL,0,1,'njones@komatsu.com.au',NULL,1,1,0,0,0,NULL,NULL,3,'2014-05-27 16:06:52',NULL,1,NULL,NULL,NULL,NULL,NULL,NULL,NULL,0,0,0,0),(48,'jmccarthy@komatsu.com.au','$2a$10$TAi9qXZGtYj9CubddOYs9Oz87SQ.FkACLZT6lT1Alabr15H.S40Wy',11,3,'dmarriner@komatsu.com.au; darthomson@komatsu.com.au','jmccarthy@komatsu.com.au',NULL,'Judy McCarthy','08 9351 0354',NULL,NULL,0,1,'jmccarthy@komatsu.com.au',NULL,1,1,0,0,0,NULL,NULL,3,'2014-05-27 16:06:52',NULL,1,NULL,NULL,NULL,NULL,NULL,NULL,NULL,0,0,0,0),(49,'rboland@komatsu.com.au','$2a$10$Fs8kTaz4BSnurToeytnKj.fEV8umWIG8kDI5iuFRcUClyDF6mSOla',11,3,'dmarriner@komatsu.com.au; darthomson@komatsu.com.au','rboland@komatsu.com.au',NULL,'Rose Boland','08 9351 0334',NULL,NULL,0,1,'rboland@komatsu.com.au',NULL,1,1,0,0,0,NULL,NULL,3,'2014-05-27 16:06:52',NULL,1,NULL,NULL,NULL,NULL,NULL,NULL,NULL,0,0,0,0),(50,'ppacker@komatsu.com.au','$2a$10$QDswBAkCtdB4IjIHFqXKNuem0rVAZBR.V.V36uFl6uBGtSam5tkdS',11,3,'dmarriner@komatsu.com.au; darthomson@komatsu.com.au','ppacker@komatsu.com.au',NULL,'Paul Packer','08 9351 0448 / 04297705793',NULL,NULL,0,1,'ppacker@komatsu.com.au',NULL,1,1,0,0,0,NULL,NULL,3,'2014-05-27 16:06:52',NULL,1,NULL,NULL,NULL,NULL,NULL,NULL,NULL,0,0,0,0),(51,'mlatimer@komatsu.com.au','$2a$10$5DBbuMr2pCN2fva8Kl3Pb.h57lNpCQidcQrTQG5rYYScVuFDU11Q2',11,3,'dmarriner@komatsu.com.au; darthomson@komatsu.com.au','mlatimer@komatsu.com.au',NULL,'Murray Latimer','0417 208 174',NULL,NULL,0,1,'mlatimer@komatsu.com.au',NULL,1,1,0,0,0,NULL,NULL,3,'2014-05-27 16:06:52',NULL,1,NULL,NULL,NULL,NULL,NULL,NULL,NULL,0,0,0,0),(52,'pweston@komatsu.com.au','$2a$10$QaHBoX65ZOFHVsmTEqIEkuLtjS/UO8ZIMiMs9xQWXs2kRae1QKI/G',11,3,'dmarriner@komatsu.com.au; darthomson@komatsu.com.au','pweston@komatsu.com.au',NULL,'Phil Weston','08 9351 0362 / 0409343815',NULL,NULL,0,1,'pweston@komatsu.com.au',NULL,1,1,0,0,0,NULL,NULL,3,'2014-05-27 16:06:52',NULL,1,NULL,NULL,NULL,NULL,NULL,NULL,NULL,0,0,0,0),(53,'aventer@komatsu.com.au','$2a$10$bDPsatx7Sl5cRevzKTh9F.z/OyVhE2fYOPbeSu2VjEqKdZCs2xEoy',11,3,'dmarriner@komatsu.com.au; darthomson@komatsu.com.au','aventer@komatsu.com.au',NULL,'Phil Weston','08 9351 0306 / 0409 688 071',NULL,NULL,0,1,'aventer@komatsu.com.au',NULL,1,1,0,0,0,NULL,NULL,3,'2014-05-27 16:06:52',NULL,1,NULL,NULL,NULL,NULL,NULL,NULL,NULL,0,0,0,0),(54,'asmith@komatsu.com.au','$2a$10$qfseHZjtSA7BnSlaH4v...lWY2BnNX6WkkbQdd4N2crM.wvYs8bEG',11,3,'dmarriner@komatsu.com.au; darthomson@komatsu.com.au','asmith@komatsu.com.au',NULL,'Amanda Smith','08 9351 0382 / 0417 133 310',NULL,NULL,0,1,'asmith@komatsu.com.au',NULL,1,1,0,0,0,NULL,NULL,3,'2014-05-27 16:06:52',NULL,1,NULL,NULL,NULL,NULL,NULL,NULL,NULL,0,0,0,0),(55,'santurkhar@komatsu.com.au','$2a$10$Mri9LvIaK.4GrIIDW66zoedpegctItGmIo6TNKRkYHa18eZS0E23y',11,3,'dmarriner@komatsu.com.au; darthomson@komatsu.com.au','santurkhar@komatsu.com.au',NULL,'Santurkhar','08 9351 0462 / 0447258819',NULL,NULL,0,1,'santurkhar@komatsu.com.au',NULL,1,1,0,0,0,NULL,NULL,3,'2014-05-27 16:06:52',NULL,1,NULL,NULL,NULL,NULL,NULL,NULL,NULL,0,0,0,0),(56,'LBrennan','$2a$10$g8xs90U5D3ZDhF.jg2w/N.afy0E5M4n.bi7imUtBZSpc6sZE2A7Fy',2,3,NULL,'laura.brennan@mrl.com.au',NULL,'Laura Brennan','9329 3625',0,0,1,1,'laura.brennan11111@mineralresources.com.au',NULL,1,1,0,0,0,NULL,NULL,56,'2014-11-27 08:30:53',0,1,0,NULL,43,53,NULL,NULL,NULL,0,0,0,0),(57,'SFinney','$2a$10$8cS1/kpqr75pIf9d9dluku5pw9/mrt9Ft9IxpPkpBLYwJZ0lWvuhi',2,3,NULL,'stefan.finney@mrl.com.au',NULL,'Stefan Finney','9329 3618',NULL,NULL,1,1,'stefan.finney@mineralresources.com.au',NULL,1,1,0,0,0,NULL,NULL,31,'2014-01-16 17:08:53',NULL,1,NULL,NULL,NULL,NULL,NULL,NULL,NULL,0,0,0,0),(58,'Mbadkin','$2a$10$yylpBlY8EEa5Y6yJD/JIFeBCB3u6RdWwiZN2zqb/Q5meymjBY.Oxy',2,3,NULL,'maggie.badkin@mrl.com.au',NULL,'Maggie Badkin','9329 3641',NULL,NULL,0,1,'maggie.badkin@mineralresources.com.au',NULL,1,1,0,0,0,NULL,NULL,31,'2014-01-16 17:08:53',NULL,1,NULL,NULL,NULL,NULL,NULL,NULL,NULL,0,0,0,0),(59,'Tgordon','$2a$10$K1eR3xcNyzHCr7lpKnLqrenLveIxU7TW1MsyL40qnJFx0PfNBFs8e',2,3,NULL,'teresa.gordon@mrl.com.au',NULL,'Teresa Gordon','9329 3667',NULL,NULL,0,1,'teresa.gordon@mineralresources.com.au',NULL,1,1,0,0,0,NULL,NULL,31,'2014-01-16 17:08:53',NULL,1,NULL,NULL,NULL,NULL,NULL,NULL,NULL,0,0,0,0),(60,'Jedwards','$2a$10$6k/NlHHdhQn6x5m/4.8Xo.eHZMKj2SDLmBdcQxWRGQA/CSUNoe6gC',2,3,NULL,'jeremy.edwards@mrl.com.au',NULL,'Jeremy Edwards','9329 3662',NULL,NULL,0,1,'jeremy.edwards@mineralresources.com.au',NULL,1,1,0,0,0,NULL,NULL,31,'2014-01-16 17:08:53',NULL,1,NULL,NULL,NULL,NULL,NULL,NULL,NULL,0,0,0,0),(61,'Chowell','$2a$10$TVC92IFfPnXkj5vPhKyrgeZ7J30rna2YeHFUT5PJfKz7OBcJUPoxC',2,3,NULL,'cameron.howell@mrl.com.au',NULL,'Cameron Howell','9329 3496',NULL,NULL,0,1,'cameron.howell@mineralresources.com.au',NULL,1,1,0,0,0,NULL,NULL,31,'2014-01-16 17:08:53',NULL,1,NULL,NULL,NULL,NULL,NULL,NULL,NULL,0,0,0,0),(62,'Jdavison','$2a$10$qp/XcavVKJgYJZg7sBVw8ebEIpvMjYpCFECjPC2bNU2n5ZsTu1GBq',2,3,NULL,'jaime.davison@mrl.com.au',NULL,'Jaime Davison','9329 3664',NULL,NULL,0,1,'jaime.davison@mineralresources.com.au',NULL,1,1,0,0,0,NULL,NULL,31,'2014-01-16 17:08:53',NULL,1,NULL,NULL,NULL,NULL,NULL,NULL,NULL,0,0,0,0),(63,'Dzahra','$2a$10$wvGE9uQhdtQVCzhUPs372u3oqlYqooSGp9mg9jSeSQHlc.AUdC3iq',2,3,NULL,'daniel.zahra@mrl.com.au',NULL,'Daniel Zahra','9329 3854',NULL,NULL,0,1,'daniel.zahra@mineralresources.com.au',NULL,1,1,0,0,0,NULL,NULL,31,'2014-01-16 17:08:53',NULL,1,NULL,NULL,NULL,NULL,NULL,NULL,NULL,0,0,0,0),(64,'Tneuffer','$2a$10$CxVW9Mr4Qwu7HxS8kmaQp.kMbw9yHsZ7vs3BBqH7xALWBConrcwLW',2,3,NULL,'tanja.neuffer@mrl.com.au',NULL,'Tanja Neuffer','9329 3845',NULL,NULL,0,1,'tanja.neuffer@mineralresources.com.au',NULL,1,1,0,0,0,NULL,NULL,31,'2014-01-16 17:08:53',NULL,1,NULL,NULL,NULL,NULL,NULL,NULL,NULL,0,0,0,0),(65,'Cbeston','$2a$10$q6EFXftz9xwEsFDUh0VXc.7Tmu90EfeFnERfttN5qFTlQo7sqyxpe',2,3,NULL,'celeste.beston@mrl.com.au',NULL,'Celeste Beston','9329 3620',NULL,NULL,0,1,'celeste.beston@mineralresources.com.au',NULL,1,1,0,0,0,NULL,NULL,31,'2014-01-16 17:08:53',NULL,1,NULL,NULL,NULL,NULL,NULL,NULL,NULL,0,0,0,0),(66,'PDrozario','$2a$10$lysauj97m8TUNFcfQ11gd.gCaKjpzTfIXXWo9l/tU1XCERI069NZm',2,3,NULL,'paula.d\'razio@mrl.com.au',NULL,'Paula D\'Razio','9329 3817',NULL,NULL,0,1,'paula.drozario@mineralresources.com.au',NULL,1,1,0,0,0,NULL,NULL,31,'2014-01-16 17:08:53',NULL,1,NULL,NULL,NULL,NULL,NULL,NULL,NULL,0,0,0,0),(67,'Kleeder','$2a$10$Oy7fMkEnHmmzpKbKt6Gt5.OecM..iHQuW9Dd5XuHWe1T5P.Z.dLIa',2,3,NULL,'kirsten.leeder@mrl.com.au',NULL,'Kirsten Leeder','9329 3643',NULL,NULL,0,1,'kirsten.leeder@mineralresources.com.au',NULL,1,1,0,0,0,NULL,NULL,31,'2014-01-16 17:08:53',NULL,1,NULL,NULL,NULL,NULL,NULL,NULL,NULL,0,0,0,0),(68,'Hcarmody','$2a$10$4tmZhV03f6AQOVuPYUuyVOyAPPh2DHzD92JkEa5wLaesmlsTKVqku',2,3,NULL,'holly.carmody@mrl.com.au',NULL,'Holly Carmody','9329 3632',NULL,NULL,0,1,'holly.carmody@mineralresources.com.au',NULL,1,1,0,0,0,NULL,NULL,31,'2014-01-16 17:08:53',NULL,1,NULL,NULL,NULL,NULL,NULL,NULL,NULL,0,0,0,0),(69,'Accounts','$2a$10$RoCd4sUccA3lcjteyEcf9OfBl6DlD1Ovu70gB.ZsoRtQFEXfTaCWC',2,3,NULL,'accountspayable@mrl.com.au',NULL,'Allison Willoughby','9329 3600',NULL,NULL,0,1,'accountspayable@mineralresources.com.au',NULL,0,1,0,0,0,NULL,NULL,31,'2014-01-16 17:08:53',NULL,1,NULL,NULL,NULL,NULL,NULL,NULL,NULL,0,0,0,0),(70,'Results','$2a$10$PxjA3JcIs4RF8JvaqDnyOesNbs.np76eOcxbRjmqWDz0o96Ynltua',2,3,NULL,'medicals@mrl.com.au',NULL,'All Users','N/A',NULL,NULL,0,1,'medicals@mineralresources.com.au',NULL,0,1,0,0,0,NULL,NULL,31,'2014-01-16 17:08:53',1,1,NULL,NULL,NULL,NULL,NULL,NULL,NULL,0,0,0,0),(72,'APietzsch','$2a$10$EXVDz00ZGodTF8UiJWOTX.HnPyEwaV.r0TlkHd0AqMnnVk4oaupBe',2,3,NULL,NULL,NULL,'Andrea Pietzsch','0 8 9329 3646 ',NULL,NULL,0,1,'andrea.pietzsch@mineralresources.com.au',NULL,1,1,0,0,0,3,'2013-12-11 09:00:45',31,'2014-01-16 17:08:53',0,1,NULL,NULL,NULL,NULL,NULL,NULL,NULL,0,0,0,0),(73,'nxfielding','$2a$10$.41980pSXF49lPPjH9NH4OFeoTcT3dkU3MSg6Psw5.tuKAzJYHD7K',17,3,NULL,NULL,NULL,'Nikki Fielding','N/A',NULL,NULL,0,1,'nxfielding@ckjv.com.au',NULL,1,1,1,1,0,NULL,NULL,31,'2014-01-16 17:08:53',NULL,1,NULL,NULL,NULL,NULL,NULL,NULL,NULL,0,0,0,0),(74,'nmikic','$2a$10$EtCPyXBy.FmrZor4T7Kzd.r68La5xaFzK249kx7/iQ0I0qlR2Dz7K',17,3,NULL,NULL,NULL,'Nina Mikic','N/A',NULL,NULL,0,1,'nmikic@ckjv.com.au',NULL,1,1,1,1,0,NULL,NULL,31,'2014-01-16 17:08:53',NULL,1,NULL,NULL,NULL,NULL,NULL,NULL,NULL,0,0,0,0),(75,'slbaptiste','$2a$10$a37jThlbQKFvzOWb2DqyCu/6tkPRo6ueXahvCwlVO50xgM4LvnR6y',17,3,NULL,NULL,NULL,'Stacy Baptiste','N/A',NULL,NULL,0,1,'slbaptiste@ckjv.com.au',NULL,1,1,0,0,0,NULL,NULL,31,'2014-01-16 17:08:53',NULL,1,NULL,NULL,NULL,NULL,NULL,NULL,NULL,0,0,0,0),(76,'gxspensley','$2a$10$AMrv6roYOX4RZnuJAMILAeR8llPdfIPhNfgainFxG1pX1.mFzbShO',17,3,NULL,NULL,NULL,'Gemma Spensley','N/A',NULL,NULL,0,1,'gxspensley@ckjv.com.au',NULL,1,1,0,0,0,NULL,NULL,31,'2014-01-16 17:08:53',NULL,1,NULL,NULL,NULL,NULL,NULL,NULL,NULL,0,0,0,0),(77,'jxanderson','$2a$10$4R8kLXXpMXjUDLVLqG5OqOMdeTTMmirlvLfkFqdHv9Uz.QCKPnmlW',17,3,NULL,NULL,NULL,'Jessica Anderson','N/A',NULL,NULL,0,1,'jxanderson@ckjv.com.au',NULL,1,1,0,0,0,NULL,NULL,31,'2014-01-16 17:08:53',NULL,1,NULL,NULL,NULL,NULL,NULL,NULL,NULL,0,0,0,0),(78,'medicals','$2a$10$/pm9PhFWTXF5wewgp3UbWe9VlF.7/VUPyDVXzExN/6OlqoDSmfjWG',17,3,NULL,NULL,NULL,'','N/A',NULL,NULL,0,1,'medicals@ckjv.com.au',NULL,1,1,0,0,0,NULL,NULL,31,'2014-01-16 17:08:53',NULL,1,NULL,NULL,NULL,NULL,NULL,NULL,NULL,0,0,0,0),(79,'staff01','$2a$10$ikK3C0bwpHLdrKAnpr43S.N.QdVDnaCwtgxxmPz2qBYe5GU8AhEcy',17,3,NULL,NULL,NULL,'','N/A',NULL,NULL,0,1,'staff01',NULL,1,1,0,0,0,NULL,NULL,31,'2014-01-16 17:08:53',NULL,1,NULL,NULL,NULL,NULL,NULL,NULL,NULL,0,0,0,0),(80,'staff02','$2a$10$xteNdgopCPYFGWDuCknawuyoW/q/bVhU44YudvPj/ZXWUwsQnbz8S',17,3,NULL,NULL,NULL,'','N/A',NULL,NULL,0,1,'staff02',NULL,1,1,0,0,0,NULL,NULL,31,'2014-01-16 17:08:53',NULL,1,NULL,NULL,NULL,NULL,NULL,NULL,NULL,0,0,0,0),(81,'bxokeefe','$2a$10$XED0Q2wWAkrEeds9nQDpZuvIIxdzkE01jT7p9dWF6CKlmceaUPgVG',17,3,NULL,NULL,NULL,'Bianca Okeefe','N/A',NULL,NULL,0,1,'bxokeefe@ckjv.com.au',NULL,1,1,0,0,0,NULL,NULL,31,'2014-01-16 17:08:53',NULL,1,NULL,NULL,NULL,NULL,NULL,NULL,NULL,0,0,0,0),(82,'axtan','$2a$10$qEwjGpS6hWYEMctDacXhx.ug0V3wNEm3PZmaQ02D6GodhbEM0qHYi',17,3,NULL,NULL,NULL,'April Tan','N/A',NULL,NULL,0,1,'axtan@ckjv.com.au',NULL,1,1,0,0,0,NULL,NULL,31,'2014-01-16 17:08:53',NULL,1,NULL,NULL,NULL,NULL,NULL,NULL,NULL,0,0,0,0),(83,'Tester','$2a$10$lHn6Vd2JU6LzAheumDN13uRJqHC.3CatPMBKTh3GxCxIxaMvmFc3e',17,3,NULL,NULL,NULL,'Craig Bowden','N/A',NULL,NULL,0,1,'Tester',NULL,1,1,0,0,0,NULL,NULL,31,'2014-01-16 17:08:53',NULL,1,NULL,NULL,NULL,NULL,NULL,NULL,NULL,0,0,0,0),(84,'ndtissong','$2a$10$ZxB2Pj2qGtqB.PpuF7JhKuKtSstvxfJe.buYlunt9DOv6J1YPhfT2',17,3,NULL,NULL,NULL,'Nicole Tissong','N/A',NULL,NULL,0,1,'ndtissong@ckjv.com.au',NULL,1,1,0,0,0,NULL,NULL,31,'2014-01-16 17:08:53',NULL,1,NULL,NULL,NULL,NULL,NULL,NULL,NULL,0,0,0,0),(85,'dxfryer','$2a$10$H0ntk.CwxHsar.gl/gD8zOVd/5oZxzoM2jHEWNxyZ4EN9DOipl4e6',16,3,NULL,NULL,NULL,'David Fryer','08 6595 8430',NULL,NULL,0,1,'dxfryer@ckjv.com.au',NULL,1,1,0,0,0,NULL,NULL,112,'2014-09-22 13:43:47',NULL,1,NULL,NULL,NULL,NULL,NULL,NULL,NULL,0,0,0,0),(86,'nsbeard','$2a$10$eHgQVqz1AOaQqrCNmEeDx.dRQkUf6nmkmlEQIgisxSvbDWyhPqi0u',16,3,NULL,NULL,NULL,'Nicole Beard','08 6595 8345',NULL,NULL,0,1,'nsbeard@ckjv.com.au ',NULL,1,1,0,0,0,NULL,NULL,31,'2014-01-16 17:08:53',NULL,1,NULL,NULL,NULL,NULL,NULL,NULL,NULL,0,0,0,0),(87,'fboorman','$2a$10$v.gSTb6dZKWW0UGIolYejOdiioZP5q/VR3c6wqKjnFQkK/OUT33.e',16,3,NULL,NULL,NULL,'Fiona Boorman','08 6595 8432',NULL,NULL,0,1,'fboorman@ckjv.com.au',NULL,1,1,0,0,0,NULL,NULL,31,'2014-01-16 17:08:53',NULL,1,NULL,NULL,NULL,NULL,NULL,NULL,NULL,0,0,0,0),(88,'nxbyrne-king','$2a$10$vrXcJhTk8EYyjn/6wSWyFeRn9/0M3ddK3Cc1ixX0cdXT9OjBZ9hL.',16,3,NULL,NULL,NULL,'Natalie Byrne-King','08 6595 8411',NULL,NULL,0,1,'nxbyrne-king@ckjv.com.au',NULL,1,1,0,0,0,NULL,NULL,31,'2014-01-16 17:08:53',NULL,1,NULL,NULL,NULL,NULL,NULL,NULL,NULL,0,0,0,0),(89,'ancolley','$2a$10$dc9dkIujCjvuGZ2DFlV0We4BUYa0tYftOfdi/hPExnY3L2xjRrsbS',16,3,NULL,NULL,NULL,'Alicia Colley','08 6595 8320',NULL,NULL,0,1,'ancolley@ckjv.com.au',NULL,1,1,0,0,0,NULL,NULL,31,'2014-01-16 17:08:53',NULL,1,NULL,NULL,NULL,NULL,NULL,NULL,NULL,0,0,0,0),(90,'spdissanayake','$2a$10$bDbrTDGz0Irs1ytON2JoOuxJTYlCDY5rRofeQbgzXRhsuKVYsiFbu',16,3,NULL,NULL,NULL,'Sachini Dissanayake','08 6595 8405',NULL,NULL,0,1,'spdissanayake@ckjv.com.au',NULL,1,1,0,0,0,NULL,NULL,31,'2014-01-16 17:08:53',NULL,1,NULL,NULL,NULL,NULL,NULL,NULL,NULL,0,0,0,0),(91,'jaduval','$2a$10$O1TyUhDHnljADr9Il1oKe.BYoNgf3bXrxr6N/FJLETbaoJqi2LB26',16,3,NULL,NULL,NULL,'Jason Duval','08 6595 8440',NULL,NULL,0,1,'jaduval@ckjv.com.au',NULL,1,1,0,0,0,NULL,NULL,31,'2014-01-16 17:08:53',NULL,1,NULL,NULL,NULL,NULL,NULL,NULL,NULL,0,0,0,0),(92,'dafleeton','$2a$10$4XU1JbkF6N9.i7Qc4VWWee0BFENsAC8CvDvrj0hfHSIu0bR3kSrJC',16,3,NULL,NULL,NULL,'Darellyn Fleeton','08 6595 8451',NULL,NULL,0,1,'dafleeton@ckjv.com.au',NULL,1,1,0,0,0,NULL,NULL,31,'2014-01-16 17:08:53',NULL,1,NULL,NULL,NULL,NULL,NULL,NULL,NULL,0,0,0,0),(93,'klhayne','$2a$10$44l.SWC1Jao2IfDwdpcRLe7ZYfEJRCzgYuwe7ZunzKjWM32mdgySi',16,3,NULL,NULL,NULL,'Kate Hayne','08 6595 8439',NULL,NULL,0,1,'klhayne@ckjv.com.au',NULL,1,1,0,0,0,NULL,NULL,31,'2014-01-16 17:08:53',NULL,1,NULL,NULL,NULL,NULL,NULL,NULL,NULL,0,0,0,0),(94,'jxhodgkinson','$2a$10$hdWQONiplTCvi7hWe6zzL.jvf8aaJXKvMgub41tn/3yNDCM.5iXN2',16,3,NULL,NULL,NULL,'Jayne Hodgkinson','08 6595 8293',NULL,NULL,0,1,'jxhodgkinson@ckjv.com.au',NULL,1,1,0,0,0,NULL,NULL,31,'2014-01-16 17:08:53',NULL,1,NULL,NULL,NULL,NULL,NULL,NULL,NULL,0,0,0,0),(95,'gpknight','$2a$10$ivSGecOSBHkyc3NCFBUyDO0f7YIoJKM2d5kZs.rtNT.cIWrlWzeQq',16,3,NULL,NULL,NULL,'Geoff Knight','08 6595 8442',NULL,NULL,0,1,'gpknight@ckjv.com.au',NULL,1,1,0,0,0,NULL,NULL,31,'2014-01-16 17:08:53',NULL,1,NULL,NULL,NULL,NULL,NULL,NULL,NULL,0,0,0,0),(96,'sllane','$2a$10$yOL5b6yLW4Bx1rSVLElNv.TvxRyIze.POVrXEK5/L1LRs6n7MOEty',16,3,NULL,NULL,NULL,'Sarah Lane','08 6595 8636',NULL,NULL,0,1,'sllane@ckjv.com.au',NULL,1,1,0,0,0,NULL,NULL,31,'2014-01-16 17:08:53',NULL,1,NULL,NULL,NULL,NULL,NULL,NULL,NULL,0,0,0,0),(97,'kjmachek','$2a$10$shtu.XfJYwYBa9CpMrQXYuSST9epbJThKLaKeL1w5l3lhF4vpuW5q',16,3,NULL,NULL,NULL,'Kendal Machek','08 6595 8445',NULL,NULL,0,1,'kjmachek@ckjv.com.au',NULL,1,1,0,0,0,NULL,NULL,31,'2014-01-16 17:08:53',NULL,1,NULL,NULL,NULL,NULL,NULL,NULL,NULL,0,0,0,0),(98,'kxmale','$2a$10$rmMfmRvyEUWuQa/2tcRB9.Fz5NyIF.bsTpPsVZmfzzOl7ILRsyBNi',16,3,NULL,NULL,NULL,'Karen Male','08 6595 8450',NULL,NULL,0,1,'kxmale@ckjv.com.au',NULL,1,1,0,0,0,NULL,NULL,31,'2014-01-16 17:08:53',NULL,1,NULL,NULL,NULL,NULL,NULL,NULL,NULL,0,0,0,0),(99,'lmclaren','$2a$10$mZMgNX4mHgzdqYU/Q5PP/unII7iOIMdpbZMAnheSm2AdJTM6ZvAaq',16,3,NULL,NULL,NULL,'Lynn McLaren','08 6595 8436',NULL,NULL,0,1,'lmclaren@ckjv.com.au',NULL,1,1,0,0,0,NULL,NULL,31,'2014-01-16 17:08:53',NULL,1,NULL,NULL,NULL,NULL,NULL,NULL,NULL,0,0,0,0),(100,'rmmiles','$2a$10$DIUh73DeLPg.ehep/D8IwOWaRVbRmPO5ArWEyXTwaRcFu72uvArUm',16,3,NULL,NULL,NULL,'Rebecca Miles','08 6595 8442',NULL,NULL,0,1,'rmmiles@ckjv.com.au',NULL,1,1,0,0,0,NULL,NULL,112,'2014-02-06 10:51:53',NULL,1,NULL,NULL,NULL,NULL,NULL,NULL,NULL,0,0,0,0),(101,'mmurray','$2a$10$tK9ps3vXK1NU38rHU7tg2efNRm.Gr4wymd0k57ej6gKUobrnOl4Mu',16,3,NULL,NULL,NULL,'Mike Murray','08 6595 8412',NULL,NULL,0,1,'mmurray@ckjv.com.au',NULL,1,1,0,0,0,NULL,NULL,31,'2014-01-16 17:08:53',NULL,1,NULL,NULL,NULL,NULL,NULL,NULL,NULL,0,0,0,0),(102,'jpneri','$2a$10$8XHjnPuxvfViJVcFlEgZfOpEdsC2aQxBx5uwkgh9ZSFuDgakXTgvm',16,3,NULL,NULL,NULL,'John Neri','08 6595 8438',NULL,NULL,0,1,'jpneri@ckjv.com.au',NULL,1,1,0,0,0,NULL,NULL,31,'2014-01-16 17:08:53',NULL,1,NULL,NULL,NULL,NULL,NULL,NULL,NULL,0,0,0,0),(103,'sgadsby','$2a$10$ckUx5qhq/pIDgRiZpBc5KubnMIbwHRBXK6foahuSBJRGYiUvfpfcO',16,3,NULL,NULL,NULL,'Sharon Pearl','08 6595 8413',NULL,NULL,0,1,'sgadsby@ckjv.com.au',NULL,1,1,0,0,0,NULL,NULL,31,'2014-01-16 17:08:53',NULL,1,NULL,NULL,NULL,NULL,NULL,NULL,NULL,0,0,0,0),(104,'kxroberts','$2a$10$PYOEoobJKjVtIcJGMYM7hOUKG/6wZ7ifVPz1I/nEuC6q0kaHrIzn.',16,3,NULL,NULL,NULL,'Kylie Roberts','08 6595 8434',NULL,NULL,0,1,'kroberts@ckjv.com.au',NULL,1,1,0,0,0,NULL,NULL,31,'2014-01-16 17:08:53',NULL,1,NULL,NULL,NULL,NULL,NULL,NULL,NULL,0,0,0,0),(105,'leeannesmith','$2a$10$/euj/XXSz3YZ6mPIy0AXNeDgJEWHyWVWeZgy/1/bwd5CaG0J7ruIy',16,3,NULL,NULL,NULL,'Leeanne Smith','08 6595 8437',NULL,NULL,0,1,'leeannesmith@ckjv.com.au',NULL,1,1,0,0,0,NULL,NULL,112,'2014-03-17 09:00:30',NULL,1,NULL,NULL,NULL,NULL,NULL,NULL,NULL,0,0,0,0),(106,'tsnyman','$2a$10$i1hIIIy4NoJ/zfVNGDZ4K.ptXNzW3FADCcbM7PriH1aIYsEWQheu6',16,3,NULL,NULL,NULL,'Tracy Snyman','08 6595 8433',NULL,NULL,0,1,'tsnyman@ckjv.com.au',NULL,1,1,0,0,0,NULL,NULL,31,'2014-01-16 17:08:53',NULL,1,NULL,NULL,NULL,NULL,NULL,NULL,NULL,0,0,0,0),(107,'tlsteiner','$2a$10$V7/NcedkJUv4Ws5PaoZbPOXOe.zt/mftoJb.cIKumZC87koqRXBF2',16,3,NULL,NULL,NULL,'Theresa Steiner','08 6595 8457',NULL,NULL,0,1,'tlsteiner@ckjv.com.au',NULL,1,1,0,0,0,NULL,NULL,31,'2014-01-16 17:08:53',NULL,1,NULL,NULL,NULL,NULL,NULL,NULL,NULL,0,0,0,0),(108,'ajverney','$2a$10$FH5wwjPzSvDefsAycr.xvOcmx49IpS5Rc3CaHixCrwNMM3cGi9dxO',16,3,NULL,NULL,NULL,'Amanda Verney','08 6595 8456',NULL,NULL,0,1,'ajverney@ckjv.com.au',NULL,1,1,0,0,0,NULL,NULL,31,'2014-01-16 17:08:53',NULL,1,NULL,NULL,NULL,NULL,NULL,NULL,NULL,0,0,0,0),(109,'kpbroad','$2a$10$/t0DA.ECTeDW/q8SOjlzW.VZfwzJz71TS/A5mwifWE2zpUjoT925e',16,3,NULL,NULL,NULL,'Kahlie Broad','08 6595 8407',NULL,NULL,0,1,'kpbroad@ckjv.com.au',NULL,1,1,0,0,0,NULL,NULL,31,'2014-01-16 17:08:53',NULL,1,NULL,NULL,NULL,NULL,NULL,NULL,NULL,0,0,0,0),(110,'daparker','$2a$10$rJ1j/ME4s8B5Uz0Yy5JwleGBUpHgw6JMdyP6GYmv95VcnQ/t3erUu',16,3,NULL,NULL,NULL,'David Parker','428280998',NULL,NULL,0,1,'daparker@ckjv.com.au',NULL,1,1,0,0,0,NULL,NULL,31,'2014-01-16 17:08:53',NULL,1,NULL,NULL,NULL,NULL,NULL,NULL,NULL,0,0,0,0),(111,'ckjvstaffadmin','$2a$10$5ABS8HuAPXo4LV4FxHNvnObYQhQu1wY7EOKYvSBgH4ng5izTJWC2.',17,3,NULL,NULL,NULL,NULL,NULL,NULL,NULL,1,1,'pnguyen@redimed.com.au',NULL,0,0,0,0,0,3,'2013-12-30 08:19:14',31,'2014-01-16 17:08:53',NULL,1,NULL,NULL,NULL,NULL,NULL,NULL,NULL,0,0,0,0),(112,'ckjvcraftadmin','$2a$10$9UxrKSd/jSFaXllbkmqU5eLcqUWtKeC/CBf/H447nIovYqK5OP7r6',16,3,NULL,NULL,NULL,NULL,NULL,NULL,NULL,1,1,'pnguyen@redimed.com',NULL,0,0,0,0,0,3,'2013-12-30 08:20:36',31,'2014-01-16 17:08:53',NULL,1,NULL,NULL,NULL,NULL,NULL,NULL,NULL,0,0,0,0),(113,'rdhona','$2a$10$KK3RjYUwiFnRAk16Arxbce.VDKu/mzRf76obOc84YxJCy4gjCJp26',17,3,NULL,NULL,NULL,'Rebecca Hona',NULL,NULL,NULL,0,1,'rdhona@ckjv.com.au',NULL,1,1,0,0,0,3,'2014-01-13 15:27:35',31,'2014-01-16 17:08:53',0,1,NULL,NULL,NULL,NULL,NULL,NULL,NULL,0,0,0,0),(115,'jsrabinowitz','$2a$10$6E/WKrquSbKHiN626Sa9YuuyKZnU39fzL3CUbo7cEcxBbeQ7bwH3a',17,3,NULL,NULL,NULL,'Joel Rabinowitz',NULL,NULL,NULL,0,1,'JSRabinowitz@ckjv.com.au ',NULL,1,1,0,0,0,3,'2014-01-13 15:30:22',31,'2014-01-16 17:08:53',0,1,NULL,NULL,NULL,NULL,NULL,NULL,NULL,0,0,0,0),(118,'rclark','$2a$10$pFT5Wmru6W80cgWDtBA8CeryX0XyAYSX3GAKr13MUHqqIOJYrGoG2',20,3,'rebecca.clark@boartlongyear.com','rebecca.clark@boartlongyear.com',NULL,'Rebecca Clarke','9406 6128',NULL,NULL,1,1,'rebecca.clark@boartlongyear.com',NULL,0,0,0,0,0,3,'2014-01-14 08:23:42',3,'2014-04-09 09:33:52',1,1,NULL,NULL,NULL,NULL,NULL,NULL,NULL,0,0,0,0),(119,'Stclark','$2a$10$3zBfRHptxaRCuy4W5dRwY.6OP84viwgo8nCRSGLBPKlYZWagCP/yC',16,3,NULL,NULL,NULL,'Shanon Clark',NULL,NULL,NULL,0,0,'stclark@ckjv.com.au',NULL,1,1,0,0,0,3,'2014-01-14 11:01:10',31,'2014-01-24 08:31:18',0,1,NULL,NULL,NULL,NULL,NULL,NULL,NULL,0,0,0,0),(120,'mdjozwiak','$2a$10$IcghDtDIKNCzIofw8MJ6ROC.NL7/JMpc8N9GYMygUzguio3PM2jB2',17,3,NULL,NULL,NULL,'Martin Jozwiak','9428 8182',NULL,NULL,0,1,'mdjozwiak@ckjv.com.au ',NULL,1,1,0,0,0,3,'2014-01-15 08:47:11',31,'2014-01-16 17:08:53',0,1,NULL,NULL,NULL,NULL,NULL,NULL,NULL,0,0,0,0),(121,'blyAdmin','$2a$10$IRSM3GQ/hzyHMIYaOxPDaORm730mEyq59pMtAls9BbEIEm8Hl0vMC',20,3,'cbowden@redimed.com.au','cbowden@redimed.com.au',NULL,'Admin','989989',NULL,NULL,0,1,'cbowden@redimed.com.au',NULL,1,1,1,1,1,118,'2014-01-15 08:53:37',3,'2014-04-09 09:33:52',1,1,NULL,NULL,NULL,NULL,NULL,NULL,NULL,0,0,0,0),(122,'mjobrien','$2a$10$s.3ikza5pnGLl5NLoSdDM.fdh4jKDxsgxaz3IzUOjeprt1W2zMuBm',16,3,NULL,NULL,NULL,'Michael O\'Brien','6595 8404',NULL,NULL,0,1,'mjobrien@ckjv.com.au',NULL,1,1,0,0,0,112,'2014-01-16 11:19:40',31,'2014-01-16 17:08:53',NULL,1,NULL,NULL,NULL,NULL,NULL,NULL,NULL,0,0,0,0),(123,'tfinch','$2a$10$fkXhVB1zmWNEFlVv4kF/vuhT57a/bssgvv8KpkTUfBCfW1Sg4xJRi',16,3,NULL,NULL,NULL,'Tiffany Finch','6595 8412 ',NULL,NULL,0,1,'tfinch@ckjv.com.au',NULL,1,1,0,0,0,112,'2014-01-21 08:04:58',31,'2014-01-21 10:42:43',NULL,1,NULL,NULL,NULL,NULL,NULL,NULL,NULL,0,0,0,0),(124,'lxellis','$2a$10$zH/VPyx0lvO9C1vDJ.UMBuY4en58raoflj7LP0RzdOdpeOceFNpHu',17,3,NULL,NULL,NULL,'Leah-Anne Ellis','9428 8127 ',NULL,NULL,0,1,'lxellis@ckjv.com.au',NULL,1,1,0,0,0,111,'2014-01-21 10:26:39',111,'2014-01-28 17:25:31',NULL,1,NULL,NULL,NULL,NULL,NULL,NULL,NULL,0,0,0,0),(125,'stclark','$2a$10$f3QdYont7.25rZeYRt8Wfuaq8.3AOpLtY/WORzE1NhOLBp/.8Owae',16,3,NULL,NULL,NULL,'Shanon Clark','6595 8410',NULL,NULL,0,1,'stclark@ckjv.com.au',NULL,1,1,0,0,0,112,'2014-01-24 07:10:32',31,'2014-01-24 08:31:18',NULL,1,NULL,NULL,NULL,NULL,NULL,NULL,NULL,0,0,0,0),(126,'SaracenAdmin','$2a$10$Zsg4KhWxE30uoihsU9fCOuwyYpNcv7CfekwhEnhJrG7MGcjXPtnOO',21,3,NULL,'CBowden@redimed.com.au','N/A','Craig Bowden','08  9230 0900',NULL,NULL,1,1,'CBowden@redimed.com.au',NULL,0,0,0,0,0,31,'2014-02-05 08:06:46',3,'2014-02-17 09:44:54',1,1,NULL,NULL,NULL,NULL,NULL,NULL,NULL,0,0,0,0),(127,'JLBlevins','$2a$10$El/.DhzWibMvDQPDbMkYv.nJ9FjOkrTYUmkQ1mwIsB2rHRnSJPUZ6',21,3,NULL,'jlivingstone-blevins@saracen.com.au',NULL,'Josie Livingstone-Blevins','08 6229 9171',NULL,NULL,1,1,'jlivingstone-blevins@saracen.com.au',NULL,0,0,0,0,0,31,'2014-02-05 08:10:44',126,'2014-02-19 13:39:38',1,1,NULL,NULL,NULL,NULL,NULL,NULL,NULL,0,0,0,0),(128,'Lbowers','$2a$10$SndYi6iyQcqnGQh4HXE2F.htHyMyraLRf3VGKp.i338TFVW1eatWq',21,3,NULL,'lbowers@saracen.com.au',NULL,'Lisa Bowers','08 6229 9100',NULL,NULL,1,1,'lbowers@saracen.com.au',NULL,0,0,0,0,0,31,'2014-02-05 08:11:45',126,'2014-02-19 13:39:38',1,1,NULL,NULL,NULL,NULL,NULL,NULL,NULL,0,0,0,0),(129,'glmiller','$2a$10$iFAtYlELZKzfmhoczquCO.zRIYJIEew9HWIIG05hrSzpU/ama9UwC',16,3,NULL,NULL,NULL,'Glenys Miller','6595 8298',NULL,NULL,0,1,'glmiller@ckjv.com.au',NULL,1,1,0,0,0,112,'2014-02-06 11:04:32',31,'2014-02-06 11:16:37',NULL,1,NULL,NULL,NULL,NULL,NULL,NULL,NULL,0,0,0,0),(130,'agholt','$2a$10$F5IHgocKXjmtNK1MSqVI4ueA/SrPqnGNqcv32DTzj42cw63CuWY/u',17,3,NULL,NULL,NULL,'Ashleigh Holt','9428 8125 ',NULL,NULL,0,1,'agholt@ckjv.com.au',NULL,1,1,0,0,0,111,'2014-02-10 08:05:34',111,'2014-04-11 08:54:32',NULL,1,NULL,NULL,NULL,NULL,NULL,NULL,NULL,0,0,0,0),(131,'mgagatek','$2a$10$oB8rClzaB8D8qMOpHEBoNeNtS/VmMFNsL.Zex3nY9IpV9RtIGY.aS',17,3,NULL,NULL,NULL,'Michelle Gagatek','9428 8162',NULL,NULL,0,1,'mgagatek@ckjv.com.au',NULL,1,1,0,0,0,111,'2014-02-11 13:41:14',111,'2014-02-11 13:42:51',NULL,NULL,NULL,NULL,NULL,NULL,NULL,NULL,NULL,0,0,0,0),(132,'joneill','$2a$10$eR7EnCJD0vxuyAZKZd/98.8SuY6Na8FmIrML/m6OQNCMfGK/yo2EO',17,3,NULL,NULL,NULL,'Jacqueline O\'Neill ','9428 8053',NULL,NULL,0,1,'joneill@ckjv.com.au',NULL,1,1,0,0,0,111,'2014-02-12 15:12:47',31,'2014-02-12 15:43:20',NULL,1,NULL,NULL,NULL,NULL,NULL,NULL,NULL,0,0,0,0),(133,'ABell','$2a$10$Ze9Nd1WCKaXsFLpp.jOpJORhe/qwsoKapIeaYwdtajeuBtnvHN4HS',2,3,NULL,NULL,NULL,'Ashlea Bell','9329 3677',NULL,NULL,0,1,'ashlea.bell@mineralresources.com.au',NULL,1,1,0,0,0,2,'2014-02-13 13:14:52',2,'2014-02-13 13:30:06',0,1,NULL,NULL,NULL,NULL,NULL,NULL,NULL,0,0,0,0),(134,'jmarnold','$2a$10$MRSWXJ0wUNrF7i/GZcqlsufYU2j/fmq.JtC67J1eU1rU47ZeIX/yK',16,3,NULL,NULL,NULL,'Janifer Arnold','6595 8548',NULL,NULL,0,1,'jmarnold@ckjv.com.au',NULL,1,1,0,0,0,112,'2014-02-17 17:27:19',112,'2014-02-17 17:28:42',0,1,NULL,NULL,NULL,NULL,NULL,NULL,NULL,0,0,0,0),(135,'mlrichards','$2a$10$om.no8jcSoFesaEfYZdVcenskN8NFcJv3BlIkI9ZkW2W0gXjpgreu',16,3,NULL,NULL,NULL,'Melissa Richards','6595 8603',NULL,NULL,0,1,'mlrichards@ckjv.com.au',NULL,1,1,0,0,0,112,'2014-02-17 17:41:57',112,'2014-02-17 17:42:59',0,1,NULL,NULL,NULL,NULL,NULL,NULL,NULL,0,0,0,0),(136,'tjblott','$2a$10$Dk95bwmjsML5HqYiSgPj7euXXrz.5wfm3YiGkrqR/dtlRVOtj0kzS',17,3,NULL,NULL,NULL,'Taylor Blott','9428 8287',NULL,NULL,0,1,'tjblott@ckjv.com.au',NULL,1,1,0,0,0,111,'2014-02-17 17:47:58',111,'2014-02-17 17:48:52',0,1,NULL,NULL,NULL,NULL,NULL,NULL,NULL,0,0,0,0),(137,'rerudak','$2a$10$8L8CyhSudEOKJ0FqZVopa.cn1RvsmMP80bqZwyULchuwP4236310S',16,3,NULL,NULL,NULL,'Rachel Rudak','65958395',NULL,NULL,0,1,'rerudak@ckjv.com.au',NULL,1,1,0,0,0,112,'2014-02-25 09:43:05',112,'2014-02-25 09:44:31',0,1,NULL,NULL,NULL,NULL,NULL,NULL,NULL,0,0,0,0),(138,'cpmadmin','$2a$10$qZ7ATjFFekOmS0c40YHec.Q9HKh.FoBnepLIkgDUYPOmoBrovqLxC',22,3,NULL,'results@citicpacificmining.com',NULL,'Admin','Admin',0,0,1,1,'results@citicpacificmining.com',NULL,0,0,0,0,0,3,'2014-03-04 08:18:00',3,'2014-03-12 10:28:42',0,1,NULL,NULL,NULL,NULL,NULL,NULL,NULL,0,0,0,0),(139,'aor','$2a$10$WYiF5ZpAvuLvGLnO9LuFseNQMKQJc6YjCB09Qgg9iBA45oswcjZsi',22,3,NULL,'anneka.or@citicpacificmining.com',NULL,'Anneka Or','08 9226 8219',NULL,NULL,0,1,'anneka.or@citicpacificmining.com',NULL,1,1,0,0,0,138,'2014-03-04 08:36:40',3,'2014-03-12 10:28:42',0,1,NULL,NULL,NULL,NULL,NULL,NULL,NULL,0,0,0,0),(140,'cabbot','$2a$10$o1PYWgcW3iSmgvvISp4.Lu.f0Zt0i8azpuPSyJm782fBygDX6i4bG',22,3,NULL,'cherie.abbot@citicpacificmining.com',NULL,'Cherie abbot','08 9226 8191',NULL,NULL,0,1,'cherie.abbot@citicpacificmining.com',NULL,1,1,0,0,0,138,'2014-03-04 08:44:27',3,'2014-03-12 10:28:42',0,1,NULL,NULL,NULL,NULL,NULL,NULL,NULL,0,0,0,0),(141,'jemery','$2a$10$eQ.yTE8YODaR7vCcHE2dNOh6iG5h.BTQeXtxzkY2.4igwiwvVEz4.',22,3,NULL,'jane.emery@citicpacificmining.com',NULL,'Jane emery','08 9226 8244',NULL,NULL,0,1,'jane.emery@citicpacificmining.com',NULL,1,1,0,0,0,138,'2014-03-04 08:44:56',3,'2014-03-12 10:28:42',0,1,NULL,NULL,NULL,NULL,NULL,NULL,NULL,0,0,0,0),(142,'rfarley','$2a$10$gqLtx.XPA4xtRrngNcY79ejJYIPtl25X9p2ZfdKMpZpVEfFtNNo56',22,3,NULL,'rowena.farley@citicpacificmining.com',NULL,'Rowena Farley','08 9226 8042',NULL,NULL,0,1,'rowena.farley@citicpacificmining.com',NULL,1,1,0,0,0,138,'2014-03-04 08:45:17',3,'2014-03-12 10:28:42',0,1,NULL,NULL,NULL,NULL,NULL,NULL,NULL,0,0,0,0),(143,'ypui','$2a$10$SXJFy7ztPPsOjN3/rCn86O5ICRK5cbrltqXFhOtFgUwkYP61YEwHW',22,3,NULL,'yithui.pui@citicpacificmining.com',NULL,'Yit hui pui','08 9226 8309',NULL,NULL,0,1,'yithui.pui@citicpacificmining.com',NULL,1,1,0,0,0,138,'2014-03-04 08:45:47',3,'2014-03-12 10:28:42',0,1,NULL,NULL,NULL,NULL,NULL,NULL,NULL,0,0,0,0),(144,'rjbursey','$2a$10$BKSpC68F80WKMQ7K8g6iqOD.fPeDPx8XXiVlsJwXs6BclRYOh9pbK',17,3,NULL,NULL,NULL,'Rhondda Bursey','9428 8061',NULL,NULL,0,1,'rjbursey@ckjv.com.au',NULL,1,1,0,0,0,111,'2014-03-05 07:23:14',111,'2014-03-05 07:24:22',0,1,NULL,NULL,NULL,NULL,NULL,NULL,NULL,0,0,0,0),(145,'mcombe','$2a$10$C/5nuMSWLHNmvPQrasJ/guUtaWGk2KE9fTas8chYi8ZpI1PZmU8Te',22,3,NULL,'melanie.combe@citicpacificmining.com',NULL,'Melanie Combe','08 9226 8219',NULL,NULL,0,1,'melanie.combe@citicpacificmining.com',NULL,1,1,0,0,0,138,'2014-03-05 09:25:41',3,'2014-04-04 10:40:11',0,1,NULL,NULL,NULL,NULL,NULL,NULL,NULL,0,0,0,0),(146,'HorizonAdmin','$2a$10$iV7m8bpvkTxwmtQrbd/cBe7WXcO0iVVEziKN.KZ97F/5OSmYa7knW',23,3,NULL,'CBowden@redimed.com.au',NULL,'Craig Bowden','0448 069 250',0,0,1,1,'CBowden@redimed.com.au',NULL,0,0,0,0,0,3,'2014-03-07 08:46:17',146,'2014-03-07 08:54:26',0,1,NULL,NULL,NULL,NULL,NULL,NULL,NULL,0,0,0,0),(147,'PTorre','$2a$10$JvFtbjPD.faUhJLfbN6cb.A5J.8VTw4WdejPE/N1creJJ28RZoI56',2,3,NULL,NULL,NULL,'Peter Torre','9329 3695',NULL,NULL,0,1,'peter.torre@mineralresources.com.au',NULL,1,1,0,0,0,56,'2014-03-26 09:27:59',56,'2014-03-26 09:30:37',0,1,NULL,NULL,NULL,NULL,NULL,NULL,NULL,0,0,0,0),(148,'rtmurray','$2a$10$eIwKcWp2ZJ0VFPzFAAjoTulCUXKv2b4v4yDjmxLaKcj4MkAyGIkN2',17,3,NULL,NULL,NULL,'Rebecca Murray','94288061',NULL,NULL,0,1,'rtmurray@ckjv.com.au',NULL,1,1,0,0,0,111,'2014-03-28 08:05:13',111,'2014-03-28 08:19:07',0,1,NULL,NULL,NULL,NULL,NULL,NULL,NULL,0,0,0,0),(149,'AScott','$2a$10$A4.h69GqgwxveKQnvKEYqeRNvOmekAWa4fGyVarHjwCkLrhe3iCMa',2,3,NULL,NULL,NULL,'Alana Scott','9329 3736',NULL,NULL,0,1,'alana.scott@mineralresources.com.au',NULL,1,1,0,0,0,56,'2014-03-31 08:33:11',56,'2014-03-31 08:35:34',0,1,NULL,NULL,NULL,NULL,NULL,NULL,NULL,0,0,0,0),(150,'CORESTAFF','$2a$10$2zIFkcOEqi0FmLM34h5jGuCZye//yrU20CAS6AkqfXFnrLu9hJSy2',24,3,'CBowden@redimed.com.au','CBowden@redimed.com.au',NULL,'Craig Bowden','0448 069 250',0,0,1,1,'CBowden@redimed.com.au',NULL,0,0,0,0,0,3,'2014-03-31 10:39:35',3,'2014-03-31 10:40:59',0,1,NULL,NULL,NULL,NULL,NULL,NULL,NULL,0,0,0,0),(151,'nxbyrne-king','$2a$10$pDKVWchLilHEH/HGclKo2e1urLc8kVDlXb9F6nz7mZy4uQT0949DS',17,3,NULL,NULL,NULL,'Natalie Byrne-King','08 9428 8095',NULL,NULL,0,1,'nxbryne-king@ckjv.com.au',NULL,1,1,0,0,0,111,'2014-04-01 07:10:31',111,'2014-04-01 07:12:10',0,1,NULL,NULL,NULL,NULL,NULL,NULL,NULL,0,0,0,0),(152,'Monadelphous','$2a$10$584GSfU8EQEC6jUzTo31.OpGYYuU0ziZiC3TztfgSo8vqN0y21O7e',25,3,NULL,'CBowden@redimed.com.au',NULL,'Craig Bowden',NULL,0,0,1,1,'CBowden@redimed.com.au',NULL,0,0,0,0,0,3,'2014-04-01 09:33:08',3,'2014-04-01 09:35:16',0,1,NULL,NULL,NULL,NULL,NULL,NULL,NULL,0,0,0,0),(153,'Trisha','$2a$10$MJRNeW9zEfbitk/oO7j30.htUTkUhsu8DlCcdFh1qfVzm0VtnvK5K',24,3,'tclark@corestaff.com.au','tclark@corestaff.com.au',NULL,'Trish clark','6253 9815',NULL,NULL,0,1,'tclark@corestaff.com.au',NULL,1,1,0,0,0,150,'2014-04-02 09:38:09',153,'2014-04-02 13:37:10',0,1,NULL,NULL,NULL,NULL,NULL,NULL,NULL,0,0,0,0),(154,'NGALA','$2a$10$sK7Sc9QsdYHQvoV1a9WDPuM9ps.gicKCjlDPGvn2C4XDravpfMlIK',26,3,'AMiller@redimed.com.au','AMiller@redimed.com.au',NULL,'Ashley Miller','(08) 9230 0900',0,0,1,1,'AMiller@redimed.com.au',NULL,0,0,0,0,0,3,'2014-04-02 11:43:55',3,'2014-04-02 11:44:53',0,1,NULL,NULL,NULL,NULL,NULL,NULL,NULL,0,0,0,0),(155,'verifyadmin','$2a$10$EF14EGQ6xWu/1fxkSaoUhuX5cEY81kJZaT/x9qR2QoroLPqLx7f3O',27,3,NULL,NULL,NULL,'Craig Bowden','08 9230 0990',0,0,1,1,'CBowden@redimed.com.au',NULL,0,0,0,0,0,3,'2014-04-02 12:47:31',3,'2014-05-14 12:29:26',0,1,NULL,NULL,NULL,NULL,NULL,NULL,NULL,0,0,0,0),(156,'Jo','$2a$10$rMsvJFRK7a2KZXqO/I12OeaizhhWz1H0ZfEUi4gXsfqXKxHkf05pq',24,3,'jmorrissy@corestaff.com.au','jmorrissy@corestaff.com.au',NULL,'Jo','08 6253 9809',NULL,NULL,0,1,'jmorrissy@corestaff.com.au',NULL,1,1,0,0,0,150,'2014-04-02 13:27:58',3,'2014-04-02 13:34:10',0,1,NULL,NULL,NULL,NULL,NULL,NULL,NULL,0,0,0,0),(157,'John','$2a$10$F8WHF10qx6IkViweUS0Aqu4cVELXGQyl3u5Hk9KA7ieWnmKLARtxS',24,3,'jlane@corestaff.com.au','jlane@corestaff.com.au',NULL,'John','08 6253 9802',NULL,NULL,0,1,'jlane@corestaff.com.au',NULL,1,1,0,0,0,150,'2014-04-02 13:30:14',3,'2014-04-02 13:34:10',0,1,NULL,NULL,NULL,NULL,NULL,NULL,NULL,0,0,0,0),(158,'Rob','$2a$10$ffTHl3rTbRZonHfcQB/uCOhEtMNYxdC5aBxvmKK9REp6EdO5qs0p6',24,3,'rbuckland@corestaff.com.au','rbuckland@corestaff.com.au',NULL,'Rob','08 6253 9813',NULL,NULL,0,1,'rbuckland@corestaff.com.au',NULL,1,1,0,0,0,150,'2014-04-02 13:30:51',3,'2014-04-02 13:34:10',0,1,NULL,NULL,NULL,NULL,NULL,NULL,NULL,0,0,0,0),(159,'Danielle','$2a$10$SxPP/NMOOZmHLVstNH2sUeKYTrDM3gJotS9zFvxKuI86Ui13jWYre',24,3,'dmacey@corestaff.com.au','dmacey@corestaff.com.au',NULL,'Danielle','08 6253 9814',NULL,NULL,0,1,'dmacey@corestaff.com.au',NULL,1,1,0,0,0,150,'2014-04-02 13:31:16',3,'2014-04-02 13:34:10',0,1,NULL,NULL,NULL,NULL,NULL,NULL,NULL,0,0,0,0),(160,'Sharri','$2a$10$2yl1DQPcXKa.KLQVFAbUyOf938BntL23WU//vcWia/xngxujfMd9.',24,3,'smussan@corestaff.com.au','smussan@corestaff.com.au',NULL,'Sharri','08 6253 9818',NULL,NULL,0,1,'smussan@corestaff.com.au',NULL,1,1,0,0,0,150,'2014-04-02 13:31:44',3,'2014-04-02 13:34:10',0,1,NULL,NULL,NULL,NULL,NULL,NULL,NULL,0,0,0,0),(161,'Chris','$2a$10$3pB0QZES3fv.wggvHbe/quZoSou9qWaCeyRzZsy1/k8zX6vVn/4Ei',24,3,'cmcguire@corestaff.com.au','cmcguire@corestaff.com.au',NULL,'Chris','08 6253 9804',NULL,NULL,0,1,'cmcguire@corestaff.com.au',NULL,1,1,0,0,0,150,'2014-04-02 13:32:07',3,'2014-04-02 13:34:10',0,1,NULL,NULL,NULL,NULL,NULL,NULL,NULL,0,0,0,0),(162,'Westskills','$2a$10$9f8O3FjmHoYnjty1X6QomuwLqbLk2Kvn94i7S.4o2guzdniu1jrtO',28,3,'AMiller@redimed.com.au','AMiller@redimed.com.au',NULL,NULL,NULL,0,0,1,1,'AMiller@redimed.com.au',NULL,0,0,0,0,0,3,'2014-04-03 15:48:06',3,'2014-04-03 15:48:51',0,1,NULL,NULL,NULL,NULL,NULL,NULL,NULL,0,0,0,0),(163,'admin','$2a$10$PiUD.BNep6vadXvunME76.jwTNSgZT6onM3.aZWnUE/rgD0ykndKi',27,3,NULL,NULL,NULL,'Admin X','08 9230 0990',NULL,NULL,0,1,'admin@verifycv.com.au',NULL,1,1,0,0,0,155,'2014-04-04 09:58:47',155,'2014-04-04 09:59:18',0,1,NULL,NULL,NULL,NULL,NULL,NULL,NULL,0,0,0,0),(164,'cbowden@redimed.com.au','$2a$10$e9.N5MK0jiOI4xLty.TNE.smTCMk0QqeceJ9SDUjNuyQd.WATATYe',28,3,NULL,NULL,NULL,NULL,NULL,NULL,NULL,1,1,'cbowden@redimed.com.au',NULL,1,1,0,0,0,162,'2014-04-04 15:29:46',162,'2014-04-04 15:32:49',0,1,NULL,NULL,NULL,NULL,NULL,NULL,NULL,0,0,0,0),(165,'ernst@westskills.com','$2a$10$xyTlmDqs2Bj3/t4Ep.jKWuUlbGMAhkAHFVFIIdCmdBWkdB05ROr12',28,3,'ernst@westskills.com','ernst@westskills.com',NULL,'Ernst Westhusen','08 9471 7099',NULL,NULL,1,1,'ernst@westskills.com',NULL,1,1,0,0,0,162,'2014-04-04 15:30:16',3,'2014-04-04 15:33:27',0,1,NULL,NULL,NULL,NULL,NULL,NULL,NULL,0,0,0,0),(166,'gerda@westskills.com','$2a$10$Ml886lRX0OSvwoKZfI777OSKhwxJw9vMB5sVbM5ZjbU6rqbCddOA.',28,3,'gerda@westskills.com','gerda@westskills.com',NULL,'Gerda Vogl','08 9471 7099',NULL,NULL,1,1,'gerda@westskills.com',NULL,1,1,0,0,0,162,'2014-04-04 15:31:11',3,'2014-04-04 15:33:27',0,1,NULL,NULL,NULL,NULL,NULL,NULL,NULL,0,0,0,0),(167,'trang@westskills.com','$2a$10$b3zdyVAh4iu79gEyBMWUGu14cV.h4L3M80s7QEfjWg1qBm/oG5quW',28,3,'trang@westskills.com','trang@westskills.com',NULL,'Trang Hayes','08 9471 7099',NULL,NULL,1,1,'trang@westskills.com',NULL,1,1,0,0,0,162,'2014-04-04 15:32:05',3,'2014-04-04 15:33:27',0,1,NULL,NULL,NULL,NULL,NULL,NULL,NULL,0,0,0,0),(168,'apotts','$2a$10$HPpZkNHyFALizfApUKJEc.jLjfp3QITZQTODxekRpAK8wnfhM8QzS',20,3,'amber.potts@boartlongyear.com','amber.potts@boartlongyear.com',NULL,'Amber Potts','0427 464 920',NULL,NULL,0,1,'amber.potts@boartlongyear.com',NULL,1,1,0,0,0,121,'2014-04-09 09:24:32',121,'2014-05-14 16:36:13',1,1,NULL,NULL,NULL,NULL,NULL,NULL,NULL,0,0,0,0),(169,'BLawrie','$2a$10$TtAA9cTY1Uw2EKcn8VXaYOm5zvF0cDkfudMX7fcnkDleqkCZDywCu',20,3,'sioadmin@boartlongyear.com','sioadmin@boartlongyear.com',NULL,'Belinda Lawrie','9406 6135',NULL,NULL,0,1,'sioadmin@boartlongyear.com',NULL,1,1,0,0,0,121,'2014-04-09 09:25:15',121,'2014-05-14 16:36:13',1,0,NULL,NULL,NULL,NULL,NULL,NULL,NULL,0,0,0,0),(170,'kbaker','$2a$10$H11K8eElEUlZdjgfYkxE1OKEWjhug8cowZmEfkiworxJ88jwegEcq',20,3,'karen.baker@boartlongyear.com','karen.baker@boartlongyear.com',NULL,'Karen Baker','9406 6110',NULL,NULL,0,1,'karen.baker@boartlongyear.com',NULL,1,1,0,0,0,121,'2014-04-09 09:26:32',121,'2014-05-14 16:36:13',1,0,NULL,NULL,NULL,NULL,NULL,NULL,NULL,0,0,0,0),(171,'lsmithson','$2a$10$bFn5kCSwASahGeiMGlkvZ.Tr7b/93707II3FCY1eWNDrT5B0582vq',20,3,'linda.smithson@boartlongyear.com','linda.smithson@boartlongyear.com',NULL,'Linda Smithson','8627 49071',NULL,NULL,0,1,'linda.smithson@boartlongyear.com',NULL,1,1,0,0,0,121,'2014-04-09 09:27:08',121,'2014-05-14 16:36:13',1,0,NULL,NULL,NULL,NULL,NULL,NULL,NULL,0,0,0,0),(172,'lhayden','$2a$10$7RlLLxVw6XuKSqjQlP5rbeJMZ5cecrorv0N6KB5gP/uii3w9flfJO',20,3,'louise.hayden@boartlongyear.com','louise.hayden@boartlongyear.com',NULL,'Louise Hayden','9406 6145',NULL,NULL,0,1,'louise.hayden@boartlongyear.com',NULL,1,1,0,0,0,121,'2014-04-09 09:27:40',121,'2014-05-14 16:36:13',1,0,NULL,NULL,NULL,NULL,NULL,NULL,NULL,0,0,0,0),(173,'sllmaster','$2a$10$c8Fd0T3O2xvN8nHlBY5uW.GdboMJOoksXlif6jtVe2RDF/i03NYR.',20,3,'sarah.leemaster@boartlongyear.com','sarah.leemaster@boartlongyear.com',NULL,'Sarah Lee Master','9406 6000',NULL,NULL,1,1,'sarah.leemaster@boartlongyear.com',NULL,1,1,0,0,0,121,'2014-04-09 09:28:12',121,'2014-05-14 16:36:13',1,1,NULL,NULL,NULL,NULL,NULL,NULL,NULL,0,0,0,0),(174,'sioadmin','$2a$10$JpaVdqQ508ZrFCDiMm6GTe3VglauWOtVQbV4zgs/lSfqUA6V0Qpqy',20,3,'sioadmin@boartlongyear.com','sioadmin@boartlongyear.com',NULL,'Sherie Kumhuaybong','9406 6130',NULL,NULL,1,1,'sioadmin@boartlongyear.com',NULL,1,1,0,0,0,121,'2014-04-09 09:30:17',121,'2014-05-14 16:36:13',1,1,NULL,NULL,NULL,NULL,NULL,NULL,NULL,0,0,0,0),(175,'jhbresser','$2a$10$jZaGrccsrMpasZ5yKwkvW.IdcA85jWyRuoJmyxQ/Q90QKLCm8ngu6',16,3,NULL,NULL,NULL,'Jennifer Bresser','08 9428 8345',NULL,NULL,0,1,'jhbresser@ckjv.com.au',NULL,1,1,0,0,0,112,'2014-04-11 08:49:10',112,'2014-04-11 08:50:07',0,1,NULL,NULL,NULL,NULL,NULL,NULL,NULL,0,0,0,0),(176,'Jhbresser','$2a$10$guY.qjcyWuT9eNn5WWWxX.LsTE4t.6REcCTV2ru30OSQBy3Yhz1JC',17,3,NULL,NULL,NULL,'Jennifer Bresser','08 9428 8345',NULL,NULL,0,1,'jhbresser@ckjv.com.au',NULL,1,1,0,0,0,111,'2014-04-11 08:51:30',111,'2014-04-11 08:52:09',0,1,NULL,NULL,NULL,NULL,NULL,NULL,NULL,0,0,0,0),(177,'silverchainadmin','$2a$10$b81OEOnIx9bG5BWzSXqLIO/QZiKvFlQm9x1X0u4M/ZCreK5r8mGiu',29,3,NULL,'CBowden@redimed.com.au',NULL,'Craig Bowden','0448 069 250',0,0,1,1,'CBowden@redimed.com.au',NULL,0,0,0,0,0,3,'2014-04-14 12:26:44',3,'2014-04-14 12:28:43',0,1,NULL,NULL,NULL,NULL,NULL,NULL,NULL,0,0,0,0),(178,'StrudwickAdmin','$2a$10$gJchMPTfWpKHITKWVRYWfuC/8JUiKm1LJnW.Qdt2wX1XR5AsI..FO',30,3,'AMiller@redimed.com.au','AMiller@redimed.com.au',NULL,'Ashley Miller','08  9230 0900',0,0,1,1,'AMiller@redimed.com.au',NULL,0,0,0,0,0,3,'2014-04-14 12:52:55',3,'2014-04-14 12:54:41',0,1,NULL,NULL,NULL,NULL,NULL,NULL,NULL,0,0,0,0),(179,'klandgren','$2a$10$am/Ur0sPoweX72hGZbDtHuTOmZNwEXWNcDiAlLHw.m.c00IYVkxGG',30,3,'kirsten@strudwick','kirsten@strudwick',NULL,'Kirsten Landgren','08 9068 1200',0,0,1,1,'kirsten@strudwick',NULL,0,0,0,0,0,3,'2014-04-14 12:54:44',3,'2014-04-28 09:02:30',0,1,NULL,NULL,NULL,NULL,NULL,NULL,NULL,0,0,0,0),(180,'SC','$2a$10$bgSV9rEFEWSmld3fA6JWa./X/6EkWLvYeXr4PxX4y0t30RfsY8VkG',29,3,NULL,NULL,NULL,'SC Admin','NA',NULL,NULL,0,1,'pnguyen@redimed.com.au',NULL,1,1,0,0,0,177,'2014-04-14 13:37:08',3,'2014-05-23 09:06:00',0,1,NULL,NULL,NULL,NULL,NULL,NULL,NULL,0,0,0,0),(181,'Shari','$2a$10$ix1HmIrTaDjgCL9GQ.plheTXjNsKgsuRDHvVpFIXuvl7oibLmauMi',24,3,'smusarra@corestaff.com.au','smusarra@corestaff.com.au',NULL,'Shari ','08 6253 9818',0,0,0,1,'smusarra@corestaff.com.au',NULL,1,1,0,0,0,3,'2014-04-15 13:52:57',3,'2014-04-15 13:54:11',0,1,NULL,NULL,NULL,NULL,NULL,NULL,NULL,0,0,0,0),(182,'mcheavins','$2a$10$Q9yaXBX2mVRJvO.y/YRu5udaRDdPA2EStnsiTo36HgVBPXqG8aQC2',26,3,'mcheavins@ngala.com.au','mcheavins@ngala.com.au',NULL,'Mia Cheavins','08 93670943',0,0,1,1,'mcheavins@ngala.com.au',NULL,0,0,0,0,0,3,'2014-04-23 14:15:28',3,'2014-04-23 14:16:21',0,1,NULL,NULL,NULL,NULL,NULL,NULL,NULL,0,0,0,0),(183,'Kim.Santos','$2a$10$LTUQKZvdSVCEci.wgBCj4uXBoXBJSmkXE94us6c1HCe7HIp6oXkHO',27,3,'Kim.Santos@verifycv.com.au','Kim.Santos@verifycv.com.au',NULL,'Kim Santos','02 9278 7990',0,0,1,1,'Kim.Santos@verifycv.com.au',NULL,0,0,0,0,0,3,'2014-04-28 09:05:14',3,'2014-04-28 09:10:03',0,1,NULL,NULL,NULL,NULL,NULL,NULL,NULL,0,0,0,0),(184,'Hugh.Williams','$2a$10$HQ8dOKIs8To3bPttTzPlvOvB0DVYiSJx6p5VUNVOaFZ45d32MucIa',27,3,'Hugh.Williams@verifycv.com.au','Hugh.Williams@verifycv.com.au',NULL,'Hugh Williams','02 9278 7990',0,0,1,1,'Hugh.Williams@verifycv.com.au',NULL,0,0,0,0,0,3,'2014-04-28 09:06:07',3,'2014-04-28 09:10:03',0,1,NULL,NULL,NULL,NULL,NULL,NULL,NULL,0,0,0,0),(185,'Hiro.Hirata','$2a$10$J1d/yJrTnzDoZqNjGly5Xeend22jDfQIMA8.CpYgWR6Qr0PB1TVwa',27,3,'Hiro.Hirata@verifycv.com.au','Hiro.Hirata@verifycv.com.au',NULL,'Hiro Hirata','02 9278 7990',0,0,1,1,'Hiro.Hirata@verifycv.com.au',NULL,0,0,0,0,0,3,'2014-04-28 09:06:58',3,'2014-04-28 09:10:03',0,1,NULL,NULL,NULL,NULL,NULL,NULL,NULL,0,0,0,0),(186,'AgilityAdmin','$2a$10$Hs2VdlgWeMG95mlQiTnHIu9pW.Mt2/8IvMw1rfQOQlXh5qtQBTPuG',32,3,'AMiller@redimed.com.au','AMiller@redimed.com.au',NULL,'Ashley Miller',NULL,0,0,1,1,'AMiller@redimed.com.au',NULL,0,0,0,0,0,3,'2014-04-29 15:18:55',3,'2014-04-29 15:21:19',0,1,NULL,NULL,NULL,NULL,NULL,NULL,NULL,0,0,0,0),(187,'MGreenwell','$2a$10$Br0eRpg9i48dfM6/Bs9pw.wkBTnVwwBJq6il.c5ohwbr3cNBDrbPK',2,3,NULL,NULL,NULL,'Michelle Greenwell','9329 3615',NULL,NULL,0,1,'michelle.greenwell@crushing.com.au',NULL,1,1,0,0,0,56,'2014-04-24 15:22:16',56,'2014-04-24 15:23:49',0,1,NULL,NULL,NULL,NULL,NULL,NULL,NULL,0,0,0,0),(188,'CDelen','$2a$10$kk2l31umrwOerv6TxJUbYuqVRAv9wo7LU07a5O0ZMAfwsPCFl5Hma',2,3,NULL,NULL,NULL,'Cris Delen','9329 3619',NULL,NULL,0,1,'cris.delen@mineralresources.com.au',NULL,1,1,0,0,0,56,'2014-04-24 15:24:23',56,'2014-04-24 15:25:49',0,1,NULL,NULL,NULL,NULL,NULL,NULL,NULL,0,0,0,0),(189,'mwin','$2a$10$XA.PQ3xhO4mOCyLLaMhP0uem0wpDPebgU6J6zpXZfIwBaldK9HEL2',32,3,'mwin@agility.com','mwin@agility.com',NULL,'Mykala Win','08  9218 2374',0,0,1,1,'mwin@agility.com',NULL,0,0,0,0,0,3,'2014-04-29 15:21:32',3,'2014-04-29 15:22:34',0,1,NULL,NULL,NULL,NULL,NULL,NULL,NULL,0,0,0,0),(190,'cgreig','$2a$10$um/XxuLvU1bPNZAMXWODB.qZJBs7B8SWt3NeLGnsTK2ryHvw1RM0u',33,3,'cgreig@progressit.com.au','cgreig@progressit.com.au',NULL,'Greig','000',0,0,1,1,'cgreig@progressit.com.au',NULL,0,0,0,0,0,3,'2014-05-09 11:08:37',3,'2014-05-09 11:09:36',0,1,NULL,NULL,NULL,NULL,NULL,NULL,NULL,0,0,0,0),(191,'cgreig2','$2a$10$amYvEX5HQj/WyV5yFS7pu.x0d/eTjao43oCgRQOKcaTi.5u.RgBMO',34,3,NULL,NULL,NULL,'Greig',NULL,0,0,1,1,'cgreig@progressit.com.au',NULL,0,0,0,0,0,3,'2014-05-09 11:13:51',3,'2014-05-09 11:14:50',0,1,NULL,NULL,NULL,NULL,NULL,NULL,NULL,0,0,0,0),(192,'sxrind','$2a$10$ViHXu9W7BCWOMaXpCUgLtODeiWecV0NKrTQUma0/AUlR.KV/N6bFK',17,3,NULL,NULL,NULL,'Shahida Rind','08 9428 8061 ',NULL,NULL,0,1,'sxrind@ckjv.com.au',NULL,1,1,0,0,0,111,'2014-05-12 10:42:13',111,'2014-05-12 10:51:08',0,1,NULL,NULL,NULL,NULL,NULL,NULL,NULL,0,0,0,0),(193,'egray','$2a$10$SY.I4Vh5G6H.21rhtNdzTOInEEDj5Q7rPPzfdrt8QPHp3jKJSLyFy',17,3,NULL,NULL,NULL,'Emma Jane Gray','08 9428 8148',NULL,NULL,0,1,'egray@ckjv.com.au',NULL,1,1,0,0,0,111,'2014-05-15 08:46:21',111,'2014-05-15 09:49:00',0,1,NULL,NULL,NULL,NULL,NULL,NULL,NULL,0,0,0,0),(194,'apomfret','$2a$10$ds.u3//8Bfq/IWin4agF/erVDsdJy14485/ErqL0QEaWZZUkC0S7a',35,3,'allison.pomfret@westrac.com.au','allison.pomfret@westrac.com.au',NULL,'Allison Pomfret','9377 8853',0,0,0,1,'allison.pomfret@westrac.com.au',NULL,1,1,0,0,0,3,'2014-05-15 16:48:51',3,'2014-05-15 16:52:44',0,0,NULL,NULL,NULL,NULL,NULL,NULL,NULL,0,0,0,0),(195,'abass','$2a$10$f4PjwEZFC.z9tbPC0bSk1OfMAFJw2oFPiGP4qBaoIryq/Z2yAjCR.',35,3,'Injury.MGMT.WA@westrac.com.au','Injury.MGMT.WA@westrac.com.au',NULL,'Angela Bass','08 93778731',0,0,0,1,'Injury.MGMT.WA@westrac.com.au',NULL,1,1,0,0,0,3,'2014-05-15 16:52:55',3,'2014-05-15 17:00:56',0,0,NULL,NULL,NULL,NULL,NULL,NULL,NULL,0,0,0,0),(196,'arogers','$2a$10$uPaFmQnkwZFICVKdBwXTbOwIzeymQxgS7LFwV9VHiM4fYJqHQNQTO',35,3,'ashton.rogers@westrac.com.au','ashton.rogers@westrac.com.au',NULL,'Ashton Rogers','9189 2412',0,0,0,1,'ashton.rogers@westrac.com.au',NULL,1,1,0,0,0,3,'2014-05-15 16:53:45',3,'2014-05-15 17:00:45',0,0,NULL,NULL,NULL,NULL,NULL,NULL,NULL,0,0,0,0),(197,'crosenberg','$2a$10$T/RIdWO7gj.oaZvNKa/jyej/HEd5xv20C/2toOjUcZkeIx7iQE13.',35,3,'caitlin.rosenberg@westrac.com.au','caitlin.rosenberg@westrac.com.au',NULL,'Caitlin Rosenberg','9377 8753',0,0,0,1,'caitlin.rosenberg@westrac.com.au',NULL,1,1,0,0,0,3,'2014-05-15 16:54:41',3,'2014-05-15 17:00:45',0,0,NULL,NULL,NULL,NULL,NULL,NULL,NULL,0,0,0,0),(198,'cshearn','$2a$10$MllDsDtNs./jwBDpOeCXv.FRkBd3XmwypRxf8VwGtUQkRDKz.rrMO',35,3,'Christopher.Shearn@westrac.com.au','Christopher.Shearn@westrac.com.au',NULL,'Christopher Shearn','08 9377 8796',0,0,0,1,'Christopher.Shearn@westrac.com.au',NULL,1,1,0,0,0,3,'2014-05-15 16:55:34',3,'2014-05-15 17:00:45',0,1,NULL,NULL,NULL,NULL,NULL,NULL,NULL,0,0,0,0),(199,'fbrown','$2a$10$Bqw1EFGwQlin63R06uHuned5NbfZYz5svgBysRYKX1y7yBaM3M1Ju',35,3,'Injury.MGMT.WA@westrac.com.au','Injury.MGMT.WA@westrac.com.au',NULL,'Fiona Brown','08 9377 9778',0,0,0,1,'Injury.MGMT.WA@westrac.com.au',NULL,1,1,0,0,0,3,'2014-05-15 16:56:37',3,'2014-05-15 17:00:45',0,1,NULL,NULL,NULL,NULL,NULL,NULL,NULL,0,0,0,0),(200,'pgreasley','$2a$10$m1u2LPmVN14C2Lv87GGSNu62.mjvx0BsRGCAa7YJbnUOyxnqs6jyS',35,3,'Pippa.Greasley@westrac.com.au','Pippa.Greasley@westrac.com.au',NULL,'Pippa Greasley','08 9377 8853',0,0,0,1,'Pippa.Greasley@westrac.com.au',NULL,1,1,0,0,0,3,'2014-05-15 16:57:26',3,'2014-05-15 17:00:45',0,0,NULL,NULL,NULL,NULL,NULL,NULL,NULL,0,0,0,0),(201,'sjohnson','$2a$10$hpw5I3witkoAvXKdZLD/FeRZaUFxYapUu.UTe3Yoye0DKnQI9Czba',35,3,'sonia.johnson@westrac.com.au','sonia.johnson@westrac.com.au',NULL,'Sonia Johnson','08 9377 8767',0,0,0,1,'sonia.johnson@westrac.com.au',NULL,1,1,0,0,0,3,'2014-05-15 16:58:25',3,'2014-05-15 17:00:45',0,0,NULL,NULL,NULL,NULL,NULL,NULL,NULL,0,0,0,0),(202,'treeves','$2a$10$5e7R6.bYhwF56sKTVqdfE.OEycUMqN1LmSTzgOh0g2cH1OOKVDCTq',35,3,'talei.reeves@westrac.com.au','talei.reeves@westrac.com.au',NULL,'Talei Reeves','9377 8829',0,0,0,1,'talei.reeves@westrac.com.au',NULL,1,1,0,0,0,3,'2014-05-15 16:59:07',3,'2014-05-15 17:00:45',0,0,NULL,NULL,NULL,NULL,NULL,NULL,NULL,0,0,0,0),(203,'vslocombe','$2a$10$q1FRWhE65H200TKaMyDHQ.4rH2C5NqZLdrs3d6xdfSR8F0L8tLX1u',35,3,'Injury.MGMT.WA@westrac.com.au','Injury.MGMT.WA@westrac.com.au',NULL,'Val Slocombe','08 9377 9490',0,0,0,1,'Injury.MGMT.WA@westrac.com.au',NULL,1,1,0,0,0,3,'2014-05-15 17:00:03',3,'2014-05-15 17:00:45',0,1,NULL,NULL,NULL,NULL,NULL,NULL,NULL,0,0,0,0),(204,'westracadmin','$2a$10$372B6uYDGcQIcT9UvlZjbe.Jttw.bWjhcOZ8dCxrsap9/Giu3/qx2',35,3,'westracadmin','westracadmin',NULL,'westracadmin','westracadmin',0,0,1,1,'westracadmin',NULL,0,0,0,0,0,3,'2014-05-15 17:01:04',3,'2014-05-15 17:01:45',0,1,NULL,NULL,NULL,NULL,NULL,NULL,NULL,0,0,0,0),(205,'AlphaFlightAdmin','$2a$10$iiXTmpKCSFjRLgB/kwgOgusS73oAHt/hRj9er6WHCl5hyd/druO.O',36,3,'AMiller@redimed.com.au','AMiller@redimed.com.au;jwilson@alphaflight.com.au',NULL,'Ashley Miller',NULL,0,0,1,1,'AMiller@redimed.com.au',NULL,0,0,0,0,0,3,'2014-05-21 10:01:39',3,'2014-05-29 10:49:26',0,1,NULL,NULL,NULL,NULL,NULL,NULL,NULL,0,0,0,0),(206,'jwilson','$2a$10$DLK.w6LbmnfJHrHC/ptL7.7B3rs77IhDCGw6yjnH/4DtRNircHXAi',36,3,'jwilson@alphaflight.com.au','jwilson@alphaflight.com.au;jwilson@alphaflight.com.au',NULL,'Joyce Wilson','0429032701',0,0,1,1,'jwilson@alphaflight.com.au',NULL,0,0,0,0,0,3,'2014-05-21 10:02:52',3,'2014-05-29 10:49:26',0,1,NULL,NULL,NULL,NULL,NULL,NULL,NULL,0,0,0,0),(207,'pround','$2a$10$.ZPQEo0GjvQVv1fXQ4yTWuEPDvgN8iVwRx1Gb1rbRIoQ46EAh9AnO',36,3,'pround@alphaflight.com.au','pround@alphaflight.com.au;jwilson@alphaflight.com.au',NULL,'Peter Round','0892327808',0,0,1,1,'pround@alphaflight.com.au',NULL,0,0,0,0,0,3,'2014-05-21 10:05:07',3,'2014-05-29 10:49:26',0,1,NULL,NULL,NULL,NULL,NULL,NULL,NULL,0,0,0,0),(208,'nwhite','$2a$10$wR2RgiBHfGbV3VtrdM0AC.IAhSEdS2DrCr.5vA.00tuIJlByCSZyK',36,3,'nwhite@alphaflight.com.au','nwhite@alphaflight.com.au;jwilson@alphaflight.com.au',NULL,'Nigel White','0832327812',0,0,1,1,'nwhite@alphaflight.com.au',NULL,0,0,0,0,0,3,'2014-05-21 10:06:36',3,'2014-05-29 10:49:26',0,1,NULL,NULL,NULL,NULL,NULL,NULL,NULL,0,0,0,0),(209,'dthacker','$2a$10$XNpCtbql8ALz4zFLhMwbR.1aHCj2T2WJmRbwH65aAtxr2w5XGR/Ly',36,3,'dthacker@alphaflight.com.au','dthacker@alphaflight.com.au;jwilson@alphaflight.com.au',NULL,'Dhanraj Thacker','0892327800',0,0,1,1,'dthacker@alphaflight.com.au',NULL,0,0,0,0,0,3,'2014-05-21 10:08:52',3,'2014-05-29 10:49:26',0,1,NULL,NULL,NULL,NULL,NULL,NULL,NULL,0,0,0,0),(210,'MPAskillsAdmin','$2a$10$33d6C5ZDqP732wl6tlGxzu7WcB/uEYZ08mcAEVkTPcN6b82GNURw.',37,3,'AMiller@redimed.com.au','AMiller@redimed.com.au',NULL,'AMiller@redimed.com.au','AMiller@redimed.com.au',0,0,1,1,'AMiller@redimed.com.au',NULL,0,0,0,0,0,3,'2014-05-21 10:53:25',3,'2014-05-21 10:54:34',0,1,NULL,NULL,NULL,NULL,NULL,NULL,NULL,0,0,0,0),(211,'Williamsk','$2a$10$2uMwtULwL0kjY.QN0SxSm.856zbIwVfYgSJwHuMZi397VAy8WXwGu',37,3,'katew@mpaskills.com.au','katew@mpaskills.com.au',NULL,'Kate Williams ','08 9471 6610',0,0,1,1,'katew@mpaskills.com.au',NULL,0,0,0,0,0,3,'2014-05-21 10:54:37',3,'2014-05-21 10:55:25',0,1,NULL,NULL,NULL,NULL,NULL,NULL,NULL,0,0,0,0),(212,'SkyStarAdmin','$2a$10$A/B.tW.ORJKOoMqGbO9nM.R14vBjqo8M2sY9rYRvXLhEf6eKm8Lp6',38,3,'AMiller@redimed.com.au','AMiller@redimed.com.au',NULL,'AMiller@redimed.com.au','AMiller@redimed.com.au',0,0,1,1,'AMiller@redimed.com.au',NULL,0,0,0,0,0,3,'2014-05-22 15:35:56',3,'2014-05-22 15:37:12',0,1,NULL,NULL,NULL,NULL,NULL,NULL,NULL,0,0,0,0),(213,'hmckenna','$2a$10$1bl04hS3dG3i34WErjm0cu7ZLT2s27Wmwe122TmCY0PloCPDAcba2',38,3,'hmckenna@skystar.com.au','hmckenna@skystar.com.au',NULL,'helene mckenna',' 9477 0629 ',0,0,1,1,'hmckenna@skystar.com.au',NULL,0,0,0,0,0,3,'2014-05-22 15:37:42',212,'2014-05-28 13:26:31',0,1,NULL,NULL,NULL,NULL,NULL,NULL,NULL,0,0,0,0),(214,'predmond','$2a$10$7jxOkrHOjGfWM0kpuFVGielNEeSmGABKxMjpqk12riOsTEpVfdGkG',38,3,'predmond@skystar.com.au','predmond@skystar.com.au',NULL,'patricia redmond','9477 0621 Z',0,0,1,1,'predmond@skystar.com.au',NULL,0,0,0,0,0,3,'2014-05-22 15:39:25',3,'2014-05-22 15:40:23',0,1,NULL,NULL,NULL,NULL,NULL,NULL,NULL,0,0,0,0),(215,'WAProfilingAdmin','$2a$10$F0INw/9doyX0m6ok9xmvzuKGQIMvYJcahWf1do0dotwxg9YSlkPwu',39,3,'WAProfilingAdmin','WAProfilingAdmin',NULL,'WAProfilingAdmin','WAProfilingAdmin',0,0,1,1,'WAProfilingAdmin',NULL,0,0,0,0,0,3,'2014-05-23 16:44:12',3,'2014-05-23 16:46:25',0,1,NULL,NULL,NULL,NULL,NULL,NULL,NULL,0,0,0,0),(216,'WAProfiling','$2a$10$n5nliSS.pDXsfQj56vHht.O2gBmW/VRt3/f3RuzHZJcy4z/IKAD/q',39,3,'p.aylward@waprofiling.com.au','p.aylward@waprofiling.com.au',NULL,'Trish Aylward','08 9258 4488',0,0,1,1,'p.aylward@waprofiling.com.au',NULL,0,0,0,0,0,3,'2014-05-23 16:45:15',3,'2014-05-23 16:46:25',0,1,NULL,NULL,NULL,NULL,NULL,NULL,NULL,0,0,0,0),(217,'afee','$2a$10$ymaqqBW0XQ9YpQWPJx36nesp8UPQbjcAQufx7t8YDpAYFsgggtL4i',35,3,NULL,NULL,NULL,'Amber Fee','08 9377 8853',NULL,NULL,0,1,'amber.fee@westrac.com.au',NULL,1,1,0,0,0,204,'2014-05-27 15:35:42',204,'2014-05-27 15:37:01',0,1,NULL,NULL,NULL,NULL,NULL,NULL,NULL,0,0,0,0),(218,'BGCAdmin','$2a$10$6VDvvYmxsmAgkNzwB5UrRONLV3uaB5H2lFL5lt1RsyGsvBC.Cb6AO',40,3,'BGC','BGC',NULL,'BGC','BGC',0,0,1,1,'BGC',NULL,0,0,0,0,0,3,'2014-05-27 15:44:11',3,'2014-05-27 15:44:47',0,1,NULL,NULL,NULL,NULL,NULL,NULL,NULL,0,0,0,0),(219,'kmhuynh','$2a$10$.sjgbfOakgr2s7u6/rOsyucFRLB1LQvbpQvcaAZ3qpxwIaHSyiZOK',16,3,NULL,NULL,NULL,'Kelly Huynh','08 6595 8293',NULL,NULL,0,1,'kmhuynh@ckjv.com.au',NULL,1,1,0,0,0,112,'2014-05-28 13:47:47',112,'2014-05-28 13:50:07',0,1,NULL,NULL,NULL,NULL,NULL,NULL,NULL,0,0,0,0),(223,'legal3','$2a$10$81PAqF41aCQlBXXcQk89euwkzse1MzIgmy/bQuUJo1zBh4MM5.vVC',1,1,'legal3@insuer.com.au','legal3@insuer.com.au',NULL,'Legal 3','000',0,0,0,1,'legal3@insuer.com.au',NULL,0,0,0,0,0,NULL,NULL,25,'2014-10-15 02:48:44',0,0,0,NULL,22,NULL,NULL,NULL,NULL,0,0,0,0),(224,'StJohn','$2a$10$qZKXVSWcx..08G.ObMQjLeFcQhCgvTnnF6lxwJxNGuhssfRoz9PKG',201,3,'stJohn@mail.com.au','stJohn@mail.com.au',NULL,'St. John Ambulance','123456789',0,0,0,0,'stJohn@mail.com.au',NULL,0,0,0,0,0,NULL,'2014-10-16 02:41:26',NULL,'2014-10-17 02:12:51',0,0,0,NULL,39,NULL,NULL,NULL,'data:image/gif;base64,R0lGODlhHAFuAPf/AMMAG9Zpe841Tdl9jObP0vXU2uO6wd1qfNdxgcslQf/9/duJl+O8wv75+umdqfHBydFIXtqCkM45UeXKz80qRMgOLNJRZuF8jejd38gRL80wStFMYvC+xskUMtVhdOGzu++5wdZsfuO+xOnh4vTQ1eulsfrp7OKAkN6gqvfd4e60vdhWa8kZNeK0vNAyS8cJKMshPc4uSOjf4OXJzdthdNBFXNpccdmAj+fY29+krtVleM88VOiaptNXa9VGXeGutt6dqNuMmcUCItqGlPnl6OaQnvPK0fjg5Nh2hvzw8uSJmOOFlPTO1NqDkubQ1NyTn92XosofO/ji5tNZbcgTL8wrRth5ifvs7t+irMocOOTBx9h0hN2UoNRCWf319swhPeeVovzy9MQAINJOZNM9VdFKYOWOnMwoQ+CsteCrs9I5Utxlee2xu8cMKvbY3eB5iuTFyuyqtccNK+2yvNyRneqiruWMmuXM0NRccNRgc/vu8NVjduGwuNZrfPje4tyOmt5ugNlYbdNUaPPM0tNabfLGzd9xg+yuuPLEy9ZOZc8+VvHEy/fa39dQZuuos8YHJsYFJMYIJ8kXM/XS19ZMY+aSoO+3wOSIl9E2UPTN099yhOOGleystsUEJNNAWPLHzvnm6umgq991ht90hcwfO8wgO8YGJdREW++7w9VJYMUEI8oaN9dTaOB2iMUBIejb3ern6Oro6enm5t6apenn5+nk5eGyueXHzOfV2Onj5ObT1tBCWenl5ufX2uK4v+ni4+fU1+fW2dBEW9dvgN2ZpNNVauK3vubS1d2apdRfcuPAxtl6ic9AV8skP+TGy+TEyd2Yo+Gttt6cp+CosdJTaPro69uLmP33+N6bptl8i+fa3NBDWs0yS+jg4eCpsv329+TDyNdyg/bX29BBWP77/Pnk5+K2vfLIz9Recdl7ivnl6eODk9+msNyPm/jh5fvw8codOeeXpOqirfz09c42T+uptPrn6uqgrM0kP+iYpeF7jMsgPMUDI8gQLv///+rq6iH/C1hNUCBEYXRhWE1QPD94cGFja2V0IGJlZ2luPSLvu78iIGlkPSJXNU0wTXBDZWhpSHpyZVN6TlRjemtjOWQiPz4gPHg6eG1wbWV0YSB4bWxuczp4PSJhZG9iZTpuczptZXRhLyIgeDp4bXB0az0iQWRvYmUgWE1QIENvcmUgNS4wLWMwNjAgNjEuMTM0Nzc3LCAyMDEwLzAyLzEyLTE3OjMyOjAwICAgICAgICAiPiA8cmRmOlJERiB4bWxuczpyZGY9Imh0dHA6Ly93d3cudzMub3JnLzE5OTkvMDIvMjItcmRmLXN5bnRheC1ucyMiPiA8cmRmOkRlc2NyaXB0aW9uIHJkZjphYm91dD0iIiB4bWxuczp4bXA9Imh0dHA6Ly9ucy5hZG9iZS5jb20veGFwLzEuMC8iIHhtbG5zOnhtcE1NPSJodHRwOi8vbnMuYWRvYmUuY29tL3hhcC8xLjAvbW0vIiB4bWxuczpzdFJlZj0iaHR0cDovL25zLmFkb2JlLmNvbS94YXAvMS4wL3NUeXBlL1Jlc291cmNlUmVmIyIgeG1wOkNyZWF0b3JUb29sPSJBZG9iZSBQaG90b3Nob3AgQ1M1IFdpbmRvd3MiIHhtcE1NOkluc3RhbmNlSUQ9InhtcC5paWQ6NjZDOUJFQkRBODE2MTFFM0JDNzBGMTFFMUVDMDVGMUEiIHhtcE1NOkRvY3VtZW50SUQ9InhtcC5kaWQ6NjZDOUJFQkVBODE2MTFFM0JDNzBGMTFFMUVDMDVGMUEiPiA8eG1wTU06RGVyaXZlZEZyb20gc3RSZWY6aW5zdGFuY2VJRD0ieG1wLmlpZDo2NkM5QkVCQkE4MTYxMUUzQkM3MEYxMUUxRUMwNUYxQSIgc3RSZWY6ZG9jdW1lbnRJRD0ieG1wLmRpZDo2NkM5QkVCQ0E4MTYxMUUzQkM3MEYxMUUxRUMwNUYxQSIvPiA8L3JkZjpEZXNjcmlwdGlvbj4gPC9yZGY6UkRGPiA8L3g6eG1wbWV0YT4gPD94cGFja2V0IGVuZD0iciI/PgH//v38+/r5+Pf29fTz8vHw7+7t7Ovq6ejn5uXk4+Lh4N/e3dzb2tnY19bV1NPS0dDPzs3My8rJyMfGxcTDwsHAv769vLu6ubi3trW0s7KxsK+urayrqqmop6alpKOioaCfnp2cm5qZmJeWlZSTkpGQj46NjIuKiYiHhoWEg4KBgH9+fXx7enl4d3Z1dHNycXBvbm1sa2ppaGdmZWRjYmFgX15dXFtaWVhXVlVUU1JRUE9OTUxLSklIR0ZFRENCQUA/Pj08Ozo5ODc2NTQzMjEwLy4tLCsqKSgnJiUkIyIhIB8eHRwbGhkYFxYVFBMSERAPDg0MCwoJCAcGBQQDAgEAACH5BAEAAP8ALAAAAAAcAW4AAAj/AP8JHEiwoMGDCBMqXMiwocOHECNKnEixosWLGDNq3Mixo8ePIEOKHEmypMmTKFOqXMmypcuXMGPKnEmzps2bOHPq3Mmzp8+fQIMKHUq0qNGjSJMqXcq0qdOnUKNKnUq1qtWrWLNq3cq1q9evYMOKHUu2rNmzaNOqXcuW4y9nOZDkGSPhTJS7zbgJ69GHjgFcbQOvJAAFT4wM/RIrXsy4XxYIyxjkEkwZJAZpGyQ13sxZMTckzyqLxkgASYLOqFFnGMMn1ujXD2cEYJG6dupdQGTB3n0QQzjatoOj3uGLt/F/OaoIX466AwIZx0fn6sO8OmpuBqJThsPMunfOkoa4/9a+FsWq7+g346lFPu2C4BXkfI8fvMyr9mabwM8S5QVi5hX000yAtjETDH5j0SFcBZJUcoYp/8HnCiA+vCAcM9ogCBYUEdomBCBu4AMhfPycUIgcBAYHAXQacpVGB8zJIQkRbsDzSIecVSDEBf4AIkR1e7S41QzNWOfKEv4swkIkODKmI4/VkNKGdUMIiVUtu3j3ggteJMnCjTnu6I8/YPxoXQe2WGlVNuhBwsmYiNjYpI5vjEmOGo98x00vak5lAIzfQULJmP4wUQqYij1JqAqmpGhdHn1GBYsw6VVQAQmEZrIKoooSGogq6fWTRqRPcRFqP0JsQqiXTHY6phsdyP+X3g66kboUBhqc+kIMXRKqJCRirnqCK6f2g4KtSw1RbD9urupPIVmI4mwSFFhYQSSzsofsUa9Q4F0Fj1j6goWQpOKsP+V842wdYtDnAyuQOMocNtsepaB18dmAjxwxuKBKJBUYce65XWj2hR3iPHBKP/IKJ0y9RnVXnaUOnNPBBYxIAUYMABgy8KqL5DNJKyuYYEIBRJwiRBtN2lYcxEIx8O0LRRRRijhXSDGPA5DAU83HY24CAg+AnHDFPJZo4AMIMVhYXQBB1dLNCLxsG0FnL8jKmSlvkBDIEUa4o44KmLhiB9BXfEHDJJ4UoYARUhQiziCOuNJwYllzlsB9Ot3/AUUA1NSgwRln6GWBDtZoUbWVO2xWQQenZCGG04ztOkgDRWRSDyriVDLIJ2uoO3A+knzigAAqXGPJICn4ocYhNGC7WAWqPNKFBlNuNipOP4wBaGr0QFPQLVw0gUQAHhTDDL0OwcKALUAMsUwIOlBjTUevQNFENsPokMcGOtBC0wTANfZCIplccgY/jc7ewQkPcMBBCuKYsYIDKoSiwsc+mFHHJA3wxxXE4Q9yAEIMrJhEBwj0AmIFohCVWCBnoGaTEeyhOoLAwEACsJkBPOQVMNhMkDhii80IoFYyIQZqhNCIa1zDERVyxQsi0Ql+uOIR+zuHCu4RikCwoQQ0WMHA/1BBA8+tyh7+SEIpACCJQGShDZ0QQgLeQEAevCB3m9mBTWBhAe9YABYC4WBjbvDBfWyGghtpgQlRGBMdpEYIXfiZAgrRijOQYQUHqEMBGqCAMDQggFcAAQfW4YIUnIsGPCgHOfzBCHJMYg2LeFsg5AAAYq2gBEkYkxn4obXNSGICNXkCergQxs2Q0SEgPGNH1NiYE9JEArVxBSbUQagrhMEfJHAAB1QACDNwoB51eIc/qhGKIvDAWW5YQwpKcIRvHIIcBwBABTSwBhV8ggaGKMCq7KCKTnJmdzNpXGMyYAFr2AIaw4gBZx72DzEy5pQNSWVj0HiQVxggB8SAAhRmMf8NLYwgIaxkjCsFwosJfOADz8DAeCQiA2XY4gMz+MUHi5SaDPADE0Rw1iRsQAEqPAIAQoCHDUxwBX80oASAyCShlBCFUzzAH4hQQhgC8QJ+AAAAXWDEubjpTc4sY3yaacwCCjICQSwmAx3oQAKA0c4O/oMWC02IPBlDz4FoYQA7gEGTqHAGCCyAAAYJ6GIEIL4WeKAKQe1AM3ZwA7ASJBa1kAEwDPADFLRDBP8YATIg0Iz/dOAMFsiB+BYiM9tkwBVdEKaz3FGEEoABFcL0AirIkQRxKAEVhLqGAIQwB3KkwAZnMMMijEADGyxikc7iaXAgNRMDcAYNBplBE7DwAWP/aOEWE8AFGN25mGbQowrsYMhUF1NVX4yBCsFhgQ6cQBCxKkYCMzBqZ1gQARQiIAHNyMJimvABbqBmG3dYCBaWI4RTmGBgCvAHKlqxiUBgAhRhCEUiWEGoOfAjCykwgw06cVNP6PRjSuhETztTBpoUtjFngAIOHsLbxrRDuCGcJ0EGYJ0ogNO5iYkCRVODh4H0YDNorU0V3IqQewlHCBgFWgrswDFJlMAPnqgAAf3BCgB4ggM3XcUaHpDejw3rbp3R4kyAEYXOwGMDIYACA44BRoQ0mDHXW8hwFYPGLXxHErD9B4aZIw2BfPg71FCIfpZj0RQD7RpzoMQSkkADAPCo/wAZEMMaJqEGO5QDaJrsBJA7w42aeCC5O9gDNEi8QdREWSFTTgwFUcCZDDAjAsTgQgBOsxkKHGjLy9mFl9PzsoNYoToWVcPP8FxAPaQCAF9QgB0AIIc1oJbUZuhmdapQEyecgTmSEESnm9oYGNCDAsxDdISp+g9e0MOTwRbIK77cGA9iuh9nuAEaPgANcTYmCnxidmPo0QRp/KEGnUFCQhBgnQyU97yk9oceQtGFOthAFNpMtz8uAYkB1yYBNpnAGEAdgH/ymjEelEVUEZLofkAtDZwZqkFGIAAT/sMYnOGGLghSCwhwhgH/0PZidMDGq6ln3N8CQB3kPaYHnIAHAf+Utz32oYqW3RsnH0gGpYWTjFKO8YPDJu4/PM6YKADmIO9pjCTmypngFoQPF8/4ZmLAIoKMYzPFAPnEXKEEeXsBhm34xApIcYL/kpoJpBgRc86gk1f4ogkeqAEMkJuaD/x7MfCEsCrzsJkaJAQNFxfBZs7Q9IHM4HeLwbjGE4OAg/B8MT1ICIUBFCw8p2AJMRACAE7hj0PctB+NSN3XSYEo4cTgJ6+4BRqQILHNhOPtiokAzlX558YI+SDT4IwI9N5KNgrk75sR/GaacJAgbCbxCAn6glzBozNbAhAZuLwYHCBAF/jAEzF4wwGKcGegMSELYg+OAHYy8IFgIaiMCdL/MJzqEBwUWcJjZswnEZKOzUQBA75Yo0FuAXjF6L4xvDeI7xsD/INAYTly0AknADRuAAY2sA6a0AyjcAmFUAfodgRH8ACX4AeW8AYUQAOW0CvnEiedVxvjMBMTEAA6sAeEMAYbUAMScAsIQSkSpiyNsQEP8X+bYQX/gHeboQMHoQsztxh2Zw7yNzz1lxj3xxj5VxD7xxj9ZxAIBx+QcDbn4gUq0AgUYAccQATrsAhe0AqeMGNjUgJzUA4AdA9LkArrEAhFMGrOYijZlxoW0FqcsQF8UhDGAH6LMVSuBXVpMHEHcQwTIAJWUD6McSy10HCb8RwE8QzWxhj0smUDRRD0/5d7Sod/vfd7CYF7tVEBrrAO51INJSAPg2MJm1AIg7AI/gAC/RAJ8TYmK8ACJeUPflAP9aAChSAEqwAImXAuauhyxCYTr7CDvdUH/aQFPzAM58cYGRAasgBLnOFBBgELjaOLGsAiQNAZZ5AMCDAMY0CHi1FgWvaDjhiE/TCE2zWJ/JcQI6AcqeEqY0ICgNAB+uAGZoAIbHAE/pBe5WADkSBEq8IGYqAGKpBRIKACdZAJMeAKrEYJcXBLhJKLtaFwMoEEFaWL/dB/47WMBwELx4YaWEAQIaAnxyAQjGh7//CIjSGOilGEBHGEiKcQLNgZmFh8/jAPh9AImCgGm+AIDv9wAGDgD9dQDnVACZEACfuzKl5AAWQgBWPyDgdgA0XgAPHQNJCgClVwAn6wkKQACRLZD7sGEzKQJd7BDR85EIe3GMxYEBjZGZLwBAaRDVm5GRagh91Ye/MHjiaZGCg5ECqpGEloEO3XGXIACZewjhcQA6oQL/3QBqTACqdABm7gD6DgDlLABvxQBfNwLusgLZsgD/7ACQcwCLZUAu3TQJJAA5xQmSSAD1jZGT5XE8HglcyxAXA5ENJQjIpRlgRxlpshDHh1EMYAAW2ZGNwADVEVknMJiYPXD3cpEHmZGHtZEEvoOG1wTHPQCP0wOYoRCTHgCJNQDpU5Ju6wCW7wBXX/ci6McABhQAFF4A8lUADiUA44owaUIwf8IJUnYAJS4AJ5whljcBO5sAC3FhzB030CcQxWwA0RYpsDgZuK0QxT4A0COhCxoAxWUANRwHaKkQGSIAEBEA0SVRAlJJdAuBnZcZzJ+Q/WQIlS5YuK0QY66QKdYJiJ0gYXQARJ4A5ugAoKoA5kAAA8AAa3ODCOUAhtwAb+YAmMcAgccATqUCHmIwaSAAjxkABYxBiqhxMyMA0BsA0wIAlJlVSSEAX0QAg3IALaohC58Ay2YAs/QGgEwQB8kKa2IAJ88xC9AAfGAKdxSgCDdRC9QAyz8Kd/Cg3T0H0yIA3IAKizcKj30QL7/4SoXAAHe/gDeKqmoaEQ0tUYHQAP/EA5i9EGMSAOUmACR8AGk+CKZyAGnqBSHxMKABAP14AIhcAEfmACJSAJ9iYHQtABpHA3GaAMPfEKd+AMwuoME4ADIikks+CSLvkFPgAK64AKV9CKayAEkUCKQMMJQnAAPIkK8mAIjdABq7BnDANkO/CgMJMTBKBd1YGrhsAKNPANRqAEDQgAZNBjH8MDjxAHDeAOn/ANHKAJcaAPkOAdVXKuQYEH3yEElCAFcXBqMXAOL1AJpOYOzTAHXnAGB+AHjhAKJCCl1gEPbGqwPPGh1hEJW3gJFWAKrlBMhkRqNrAJ52AK8JAKVPACq/8wpcvhASIrFOBWbpEQBUXACKMgBqfQnasSCo25Kg+gApcgBNdiKfZWGxmAcTsLFLH3HW3gCiuwBm3QBpiyKksAAGqARKuiAKzQCafSYVUbFF2EHqbwtoOyKhdgNxdFS4TSAKlgCqEiCeCwtkHBAODIHPzgCHLrtP1QZhk1Jt9QBZzqHTrrt0FBbuiBmKBAKHbADymCuIQyt+kBAyELuTvxCoToHULgMWOiBDB6oRflDmNSALGCHmoJukHxnBNzKWMyt7yKYolrA/zwHawlFHtatRBpHZCQCLdruI12URllCeFiHdywYEHRBDugAeKmFLbwc0VBC/tWHZ0QB/7wYxX/dVFIpAaysxyrQLUM0Qst8AcIkA1IQAg7kB0pMQI9gActgALwAEo1EQtNIL8OMQP9QEpHgQujGxy7gjl6ZlgXFQb5QCzMITwL8QvegAQ6MAxDgAa4MAJ/gA4alBIDEABg1ATMELwyoSz7mRBa4JD/gAQ7EIdHMQG5IhydUAk8YApRO078QAYcUAo4mxpxdxC1sAB5wAyvRxEYQAdNNwRuJxHOMAwCcQNVEJYGVgV9UFUFYQGPm1fMoAUsgQN04G8aMQP/eYlRsAZ5Q2Y5zKTBgaAGoQz00AO5kAezcBHTAA8H8g/T0AHoCxFPEAL/EA5noIIZUQtNlhERwA5jmhAf/5AAJNYObDwSZToLWZAhHCECY5wasSKuqMEywlGlChEDZGcOEHCsEAEBQTAQEBC7EjEAoxINd1wRBAAE7zsAsWkRurAFvRANCgEB1fsPMlADn+sRysAFOpAMT1A1tLADyPARM+Bdy5IeVPBgDIENOhsAp2wR0XDC/7AAp0cRy5BlGIFV3nAH5ioRC+B2pPwPM2ABYDwEvTwS9esL2EsH2lwQIsBcFoEL2/vMFbaRD4EDeaANuPAEfRAB+isQwNB3CLELfKBseKDQAgELuEDCBoEEJYoBfDMCwWyWhXx7CLA4/4ABHewQMlCwCmEB11xsgrDRHSFwBIEBO1CpBdEO/f/QzRcxBIHLz52xCwftEEOwDXlgARFgDhjAC3DgCz/QAszQBwsBBRCAA8AwAgsABc8gDOCszmPAApCqEAvwzrnQC3QAD2H2DwbQDEw1ELqwOCPQC8cw0gRRDP3HBVHwu83oDEjtDT8wAfi0EL4wBQSBAjgYDAQAvQQhAz19ECNgAGAMC6Q8cAOADiMADLogxa4FAWB8ES2gTjpdGx1gBSDdECKgA82AAMpQyNHQD1WwAAPADVEg0wRBAIRAASywAxtgARCwA1wg2+ElELagHH68EGiAg86wANdYBSwQBb76D8SQBTgoELRAD7CFAFUwBtQwBk89ENpgVFwMCzrQATD/cNgEUUIJEAFBgAzG0AS7aRBOYAtYsAG7gARWYAUIwA0SsAd5oAj7MHG4oC1cAINYkCYGIQsImwMDkQNMbQBWsKcooLa3UAxnkAXjsAFjMAVQIBAyoAEQ4NYYgQHDkNObrQh77BBBsANqOxDBYAG7ULAYQAEAHgxlOgz0MAZRxx5IIAkQYAFo1MwJkAdNpguTcRBAUAUbgARBAAc3kABV8AMCsdbSKxC/cAcSIAJIoAHG8A+1QA9MPaA1UAaF9w/pAA9VkGW/gL0CgQNlIAxlyQsDoAUfkAN0gALjsQWroQMJQAwoYAw4gAIbgAP/ZAEd1gJZwMX/YAHEoCAK5tqy/0AIOkAFKY0HQGALLBB1twcDFf4PycAMEFB47EEAO/CRITAOZVrJG7DZjZEACxDqEDEMAjwQFjAEFtACArEFMJgLT/AEhUwAHyAIWz0BksANcEAPgv4Px3UD4jMC7XADHUoQaZAMeMANlaoMHSABVOsMy0AMGuB2BjAAP8AMWCAAZ93Vzu0NZWAL4RBcOdAP8SsQWhAOSk4QeNAOPeAN/4AMw4AHWUABHoAAT9C3yunEObAFBJEN0yAQ0lCuvnAGBTsBNRAOVACWMUCDA7EFWDAEEjBYcLABTcDaMzAQgrDM/xAMTdACxQCXAxAkA9AM4M0RaGABFsrP3DAEhC0Rsf9gAYQmDXiQAzD4DwygAbiQA6lsEHTQ3DsnCbfAAK9nCzCQ3HxQBquO1sUwAGC1C/I7Bj3AHrmABMUwA9SABCPgAR6AA3CwAzugcBMgARkiAl3kQa/gBBEQBX2gGzIQAlNw2GlACOygaSKQADqwA8QA0QLhGugQ7MBADZMxArsgAudud/9gDoqwGsWwDITQD+nNBQuADFRQ6RNQDB0wDOEg9FzQhv8ABDsQDQvw2/+AA1GOACwA8SOhBX2wYaGSAdsABD9eETBN5rvg1LAu7GOwB9sgyAQxAvQA4P8g0DoPAQMxC/SgzlaQB1tNEDOgAQonC/TwMsnAe1jgAarHB1H/cAMSULAyQw/dIBARsAMM0Ad4gAJVMAEyQNAtIAikhAV5sAAUvQFDIAyjkgsj8Ao6ABCw/g0kWJDAsIJDAgwcYiFbDUHJjIUQlCHBBGYJIGiY8I+ABwjLlkGwFWvIFkk7aHkIMhBDDCsf0PUhIEODL4LDeuCRNgxnQaBBhQ4d+gqZoCj9lC5l2tQplR0DnsUiWjXoj32vCMaS0AEBwW0ssuUSigJesKC/BFhBkSfIlg2CkA0dVoXqP3AJCAycMWaMjjsDsfQbZ4AgLg0/CM6oMQbKQDw78KCg9U/ZBgs6Ogrd1QEhQSgLrC5AQZDWjhYMWRTDoMvvDwIb+PCKoqhb/5kAOjacyfLnHzYIw9AcC4d2QLFjdPaE29Yj2sAnCX4N/FWlQxAceO5a5d69II4fcJt1cNo0A4sdHp7MEOi9O4opQFtQJoijF1EMx4Ya86ADBVUM2hMqGUkMEyEGJArKRYaCeCFAFqC6AUrAf2SZgEGCfpGQKAOAoHCAGaqSQQBwCGJAArL+yeWY7YKCQ6sZdAhiBBxCHKgXHIDSphjc9mrxFf0IyqG0BZ5w78gjMbilBSiWQSAAKENAYohpRNCFQiS5azFLLocCxgJ4IIAhmS7L9E4EPKy6pY+CkEjTzDJbqCwoWBDAAE4889RzTzgJ8CVHPvds4qsjuQkhUO/AyZNhKBGsQPRRSCOVdNLuBLHlyFokoINSobhgYChrpuF0VFJLNZW7HyzIcgQsR81hLzqH0epUWmu1FVILErz1yAg+DSqaJnYVdlhiuyMAntSKtWoW0YLqwVdlo5XW1liY0aDVaQeaYAdcCoIFj3SyFXdcSruhZ1NygWpiA1hx2GCPdOOVV89asCW3hQCsQACCAeblNCAAOw==',0,0,0,0),(225,'nurse','$2a$10$pEpRnDXMALwgTQdOgonKrO9d2c3etUg3L1iGrkWQM7ulDa92PNtiy',1,3,NULL,NULL,NULL,NULL,NULL,0,0,0,0,NULL,NULL,0,0,0,0,0,NULL,'2014-10-17 01:52:50',NULL,'2014-12-12 02:57:15',0,0,0,NULL,41,NULL,NULL,NULL,NULL,0,0,0,0),(226,'driver1','$2a$10$YAcPXxvZYk.ONtBzN2I5deOTCBZ5jV.rbKg3zjGDzbhZetSB3TCwe',NULL,6,NULL,NULL,'1234','Driver 1',NULL,NULL,1,NULL,1,NULL,NULL,NULL,1,1,1,NULL,NULL,'2014-12-04 08:40:51',NULL,'2014-12-12 02:57:15',1,1,NULL,NULL,NULL,NULL,NULL,NULL,NULL,0,0,0,0),(227,'driver2','$2a$10$kn8nQJMwiNiM8N9vHGAp6Oq3M4hiuMoG4/2g0OMQjez1QTXLhxFsu',NULL,6,NULL,NULL,NULL,'Driver 2',NULL,NULL,1,NULL,1,NULL,NULL,NULL,NULL,1,NULL,NULL,NULL,'2014-12-04 08:41:53',NULL,'2014-12-12 02:57:15',1,NULL,NULL,NULL,NULL,NULL,NULL,NULL,NULL,0,0,0,0);

/*!40101 SET SQL_MODE=@OLD_SQL_MODE */;
/*!40014 SET FOREIGN_KEY_CHECKS=@OLD_FOREIGN_KEY_CHECKS */;
/*!40014 SET UNIQUE_CHECKS=@OLD_UNIQUE_CHECKS */;
/*!40111 SET SQL_NOTES=@OLD_SQL_NOTES */;
