<?xml version="1.0" encoding="utf-8" ?>
<dwsync>
<file name="mobiscroll-2.0.custom.min.css" server="mynote.net.au/public_html/telehealth/" local="129856717500000000" remote="129876122400000000" />
<file name="style.css" server="mynote.net.au/public_html/telehealth/" local="129865530134159766" remote="129876122400000000" />
<file name="jquery.mobile-1.1.0.css" server="mynote.net.au/public_html/telehealth/" local="129803252580000000" remote="129876121800000000" />
<file name="jquery.mobile-1.1.0.min.css" server="mynote.net.au/public_html/telehealth/" local="129803252580000000" remote="129876121800000000" />
<file name="jquery.mobile.structure-1.1.0.css" server="mynote.net.au/public_html/telehealth/" local="129803252580000000" remote="129876121800000000" />
<file name="jquery.mobile.structure-1.1.0.min.css" server="mynote.net.au/public_html/telehealth/" local="129803252580000000" remote="129876121800000000" />
<file name="jquery.mobile.theme-1.1.0.css" server="mynote.net.au/public_html/telehealth/" local="129803252580000000" remote="129876121800000000" />
<file name="jquery.mobile.theme-1.1.0.min.css" server="mynote.net.au/public_html/telehealth/" local="129803252580000000" remote="129876121800000000" />
<file name="actionsheet.css" server="mynote.net.au/public_html/telehealth/" local="129870146028927766" remote="129876121800000000" />
<file name="demo_table_jui.css" server="mynote.net.au/public_html/telehealth/" local="129847980760000000" remote="129876121800000000" />
<file name="demo_page.css" server="mynote.net.au/public_html/telehealth/" local="129847980760000000" remote="129876121800000000" />
<file name="demo_table.css" server="mynote.net.au/public_html/telehealth/" local="129847980760000000" remote="129876121800000000" />
<file name="jquery.dataTables.css" server="mynote.net.au/public_html/telehealth/" local="129847980760000000" remote="129876121800000000" />
<file name="jquery.dataTables_themeroller.css" server="mynote.net.au/public_html/telehealth/" local="129847980760000000" remote="129876121800000000" />
<file name="index.html" server="mynote.net.au/public_html/telehealth/" local="129893336951382457" remote="129893337000000000" />
</dwsync>