<?xml version="1.0" encoding="utf-8" ?>
<dwsync>
<file name="fpdf_tpl.php" server="mynote.net.au/public_html/test/rconcierge/rconcierge_restful_server/" local="129972953884166196" remote="129972955200000000" />
<file name="fpdi.php" server="mynote.net.au/public_html/test/rconcierge/rconcierge_restful_server/" local="129972956214972175" remote="129972955800000000" />
<file name="fpdi2tcpdf_bridge.php" server="mynote.net.au/public_html/test/rconcierge/rconcierge_restful_server/" local="129591426000000000" remote="129972937200000000" />
<file name="fpdi_pdf_parser.php" server="mynote.net.au/public_html/test/rconcierge/rconcierge_restful_server/" local="129592446100000000" remote="129972937200000000" />
<file name="pdf_context.php" server="mynote.net.au/public_html/test/rconcierge/rconcierge_restful_server/" local="129592446120000000" remote="129972937200000000" />
<file name="pdf_parser.php" server="mynote.net.au/public_html/test/rconcierge/rconcierge_restful_server/" local="129592447880000000" remote="129972937200000000" />
<file name="fpdf.css" server="mynote.net.au/public_html/test/rconcierge/rconcierge_restful_server/" local="128574027420000000" remote="129972940800000000" />
<file name="fpdf.php" server="mynote.net.au/public_html/test/rconcierge/rconcierge_restful_server/" local="129528472540000000" remote="129972940800000000" />
</dwsync>