<?xml version="1.0" encoding="utf-8" ?><dwsync><file name="index.html" server="ftp.mynote.net.au//home/meoadm/public_html/telehealth/" local="3423789822" remote="20603659006" /><file name="entry_model.php" server="mynote.net.au/public_html/telehealth/" local="129935763600000000" remote="129935763600000000" /><file name="employer_model.php" server="mynote.net.au/public_html/telehealth/" local="129936378000000000" remote="129936378000000000" /><file name="employer_model.php" server="mynote.net.au//public_html/telehealth/" local="129870715555838034" remote="129870715200000000" /><file name="employee_model.php" server="mynote.net.au/public_html/telehealth/" local="129935767200000000" remote="129935767200000000" /><file name="member_model.php" server="mynote.net.au/public_html/telehealth/" local="129936679800000000" remote="129936679800000000" /><file name="index.html" server="mynote.net.au/public_html/telehealth/" local="129854185800000000" remote="129854185800000000" /><file name="progress_model.php" server="mynote.net.au/public_html/telehealth/" local="129930376800000000" remote="129930376800000000" /><file name="employee_model.php" server="ftp.mynote.net.au//home/meoadm/public_html/telehealth/" local="3431947920" remote="20611817104" /><file name="progress_model.php" server="ftp.mynote.net.au//home/meoadm/public_html/telehealth/" local="3443414307" remote="16328316199" /><file name="member_model.php" server="ftp.mynote.net.au//home/meoadm/public_html/telehealth/" local="3432039197" remote="20611908381" /><file name="employer_model.php" server="ftp.mynote.net.au//home/meoadm/public_html/telehealth/" local="3432009028" remote="20611878212" /><file name="notification_model.php" server="ftp.mynote.net.au//home/meoadm/public_html/telehealth/" local="3437384816" remote="16322286720" /><file name="notification_model.php" server="mynote.net.au/public_html/telehealth/" local="129937499400000000" remote="129937499400000000" /><file name="entry_model.php" server="ftp.mynote.net.au//home/meoadm/public_html/telehealth/" local="3437472877" remote="16322375307" /><file name="progress_model.php" server="ftp.mynote.net.au//home/meoadm/public_html/telehealth_test/" local="3443414307" remote="16333137119" /></dwsync>