<?xml version="1.0" encoding="utf-8" ?>
<dwsync>
<file name="Controller.php" server="ftp.mynote.net.au//home/meoadm/public_html/telehealth/" local="3423789822" remote="20603659006" />
<file name="Loader.php" server="ftp.mynote.net.au//home/meoadm/public_html/telehealth/" local="3423789822" remote="20603659006" />
<file name="Hooks.php" server="ftp.mynote.net.au//home/meoadm/public_html/telehealth/" local="3423789822" remote="20603659006" />
<file name="Exceptions.php" server="ftp.mynote.net.au//home/meoadm/public_html/telehealth/" local="3423789822" remote="20603659006" />
<file name="Security.php" server="ftp.mynote.net.au//home/meoadm/public_html/telehealth/" local="3423789822" remote="20603659006" />
<file name="Input.php" server="ftp.mynote.net.au//home/meoadm/public_html/telehealth/" local="3423789822" remote="20603659006" />
<file name="Router.php" server="ftp.mynote.net.au//home/meoadm/public_html/telehealth/" local="3423789822" remote="20603659006" />
<file name="Benchmark.php" server="ftp.mynote.net.au//home/meoadm/public_html/telehealth/" local="3423789822" remote="20603659006" />
<file name="index.html" server="ftp.mynote.net.au//home/meoadm/public_html/telehealth/" local="3423789822" remote="20603659006" />
<file name="Model.php" server="ftp.mynote.net.au//home/meoadm/public_html/telehealth/" local="3423789822" remote="20603659006" />
<file name="CodeIgniter.php" server="ftp.mynote.net.au//home/meoadm/public_html/telehealth/" local="3423789822" remote="20603659006" />
<file name="Lang.php" server="ftp.mynote.net.au//home/meoadm/public_html/telehealth/" local="3423789822" remote="20603659006" />
<file name="URI.php" server="ftp.mynote.net.au//home/meoadm/public_html/telehealth/" local="3423789822" remote="20603659006" />
<file name="Common.php" server="ftp.mynote.net.au//home/meoadm/public_html/telehealth/" local="3423789822" remote="20603659006" />
<file name="Output.php" server="ftp.mynote.net.au//home/meoadm/public_html/telehealth/" local="3423789822" remote="20603659006" />
<file name="Config.php" server="ftp.mynote.net.au//home/meoadm/public_html/telehealth/" local="3423789822" remote="20603659006" />
<file name="Utf8.php" server="ftp.mynote.net.au//home/meoadm/public_html/telehealth/" local="3423789822" remote="20603659006" />
<file name="Controller.php" server="mynote.net.au/public_html/telehealth/" local="129858018930332765" remote="129858018600000000" />
</dwsync>