<?xml version="1.0" encoding="utf-8" ?><dwsync><file name="APIclient.php" server="mynote.net.au/public_html/telehealth/" local="129864927600000000" remote="129864927600000000" /><file name="illness.php" server="mynote.net.au/public_html/telehealth/" local="129877615800000000" remote="129877615800000000" /><file name="generalIllness.php" server="mynote.net.au/public_html/telehealth/" local="129973332374714746" remote="129973332000000000" /><file name="injury_first_cert.php" server="mynote.net.au/public_html/telehealth/" local="129973332992733282" remote="129973332600000000" /><file name="index.html" server="mynote.net.au/public_html/telehealth/" local="129893337000000000" remote="129893337000000000" /><file name="injury_progress_cert.php" server="mynote.net.au/public_html/telehealth/" local="129973333056871375" remote="129973332600000000" /><file name="injury_final_cert.php" server="mynote.net.au/public_html/telehealth/" local="129973332919104062" remote="129973332600000000" /><file name="bitly.php" server="mynote.net.au/public_html/telehealth/" local="129899506800000000" remote="129899506800000000" /><file name="injury_first_cert.php" server="ftp.mynote.net.au//home/meoadm/public_html/telehealth/" local="3451863938" remote="16336765831" /><file name="injury_progress_cert.php" server="ftp.mynote.net.au//home/meoadm/public_html/telehealth/" local="3443414894" remote="16329103756" /><file name="firstCertTemplate.php" server="mynote.net.au/public_html/telehealth/" local="129868989600000000" remote="129868989600000000" /><file name="generalIllness.php" server="ftp.mynote.net.au//home/meoadm/public_html/telehealth/" local="3448248536" remote="16333150427" /><file name="illness.php" server="ftp.mynote.net.au//home/meoadm/public_html/telehealth/" local="3441083429" remote="16329103750" /><file name="injury_final_cert.php" server="ftp.mynote.net.au//home/meoadm/public_html/telehealth/" local="3442372105" remote="16329103752" /><file name="nsw_cert.php" server="ftp.mynote.net.au//home/meoadm/public_html/telehealth/" local="3445309162" remote="16330211054" /><file name="nsw_cert.php" server="mynote.net.au/public_html/telehealth/" local="130002721270048732" remote="130002721200000000" /><file name="nt_first_cert.php" server="ftp.mynote.net.au//home/meoadm/public_html/telehealth/" local="3445306592" remote="16330208486" /><file name="nt_progress_cert.php" server="ftp.mynote.net.au//home/meoadm/public_html/telehealth/" local="3445306522" remote="16330208437" /><file name="nt_final_cert.php" server="ftp.mynote.net.au//home/meoadm/public_html/telehealth/" local="3445306542" remote="16330208436" /><file name="tas_first_cert.php" server="ftp.mynote.net.au//home/meoadm/public_html/telehealth/" local="3451534120" remote="16336436022" /><file name="tas_final_cert.php" server="ftp.mynote.net.au//home/meoadm/public_html/telehealth/" local="3451534114" remote="16336436023" /><file name="tas_final_cert.php" server="ftp.mynote.net.au//home/meoadm/public_html/telehealth_test/" local="3443778245" remote="16328680138" /><file name="nt_final_cert.php" server="ftp.mynote.net.au//home/meoadm/public_html/telehealth_test/" local="3443777146" remote="16328679057" /><file name="nt_first_cert.php" server="ftp.mynote.net.au//home/meoadm/public_html/telehealth_test/" local="3443777150" remote="16328679059" /><file name="nt_progress_cert.php" server="ftp.mynote.net.au//home/meoadm/public_html/telehealth_test/" local="3443777153" remote="16328679062" /><file name="tas_first_cert.php" server="ftp.mynote.net.au//home/meoadm/public_html/telehealth_test/" local="3443777159" remote="16328679127" /><file name="qld_cert.php" server="ftp.mynote.net.au//home/meoadm/public_html/telehealth_test/" local="3444199410" remote="16329101304" /><file name="vic_cert.php" server="ftp.mynote.net.au//home/meoadm/public_html/telehealth_test/" local="3444201619" remote="16329103512" /><file name="qld_cert.php" server="ftp.mynote.net.au//home/meoadm/public_html/telehealth/" local="3444199410" remote="16329103765" /><file name="vic_cert.php" server="ftp.mynote.net.au//home/meoadm/public_html/telehealth/" local="3445307848" remote="16330209742" /><file name="generalIllness.php" server="mynote.net.au/public_html/telehealth_test/" local="130094362126826900" remote="130094362200000000" /><file name="generalIllness.php" server="ftp.mynote.net.au//home/meoadm/public_html/telehealth_test/" local="3448233782" remote="16333136446" /></dwsync>